4.800000000000000000e+01 4.491500000000000000e+04 5.000160000000000000e+05
5.000000000000000000e+01 4.215600000000000000e+04 5.000160000000000000e+05
5.200000000000000000e+01 4.105100000000000000e+04 5.000120000000000000e+05
5.400000000000000000e+01 4.364600000000000000e+04 5.000120000000000000e+05
5.600000000000000000e+01 3.815300000000000000e+04 5.000080000000000000e+05
5.800000000000000000e+01 3.687400000000000000e+04 5.000080000000000000e+05
6.000000000000000000e+01 3.613800000000000000e+04 5.000120000000000000e+05
6.200000000000000000e+01 3.672900000000000000e+04 5.000080000000000000e+05
6.400000000000000000e+01 3.856900000000000000e+04 5.000080000000000000e+05
6.600000000000000000e+01 4.020300000000000000e+04 5.000080000000000000e+05
6.800000000000000000e+01 3.810000000000000000e+04 5.000120000000000000e+05
7.000000000000000000e+01 3.949000000000000000e+04 5.000120000000000000e+05
7.200000000000000000e+01 4.573900000000000000e+04 5.000120000000000000e+05
7.400000000000000000e+01 6.113900000000000000e+04 5.000120000000000000e+05
7.600000000000000000e+01 7.273500000000000000e+04 5.000080000000000000e+05
7.800000000000000000e+01 7.691800000000000000e+04 5.000120000000000000e+05
8.000000000000000000e+01 7.603100000000000000e+04 5.000080000000000000e+05
8.200000000000000000e+01 6.582800000000000000e+04 5.000120000000000000e+05
8.400000000000000000e+01 5.618800000000000000e+04 5.000080000000000000e+05
8.600000000000000000e+01 5.317200000000000000e+04 5.000080000000000000e+05
8.800000000000000000e+01 4.341900000000000000e+04 5.000080000000000000e+05
9.000000000000000000e+01 3.779500000000000000e+04 5.000080000000000000e+05
9.200000000000000000e+01 3.418300000000000000e+04 5.000080000000000000e+05
9.400000000000000000e+01 3.259900000000000000e+04 5.000080000000000000e+05
9.600000000000000000e+01 3.090100000000000000e+04 5.000080000000000000e+05
9.800000000000000000e+01 3.055600000000000000e+04 5.000120000000000000e+05
1.000000000000000000e+02 3.070400000000000000e+04 5.000120000000000000e+05
1.020000000000000000e+02 3.017000000000000000e+04 5.000120000000000000e+05
1.040000000000000000e+02 3.207400000000000000e+04 5.000080000000000000e+05
1.060000000000000000e+02 3.670500000000000000e+04 5.000080000000000000e+05
1.080000000000000000e+02 4.534600000000000000e+04 5.000120000000000000e+05
1.100000000000000000e+02 5.026000000000000000e+04 5.000120000000000000e+05
1.120000000000000000e+02 6.336500000000000000e+04 5.000080000000000000e+05
1.140000000000000000e+02 6.453800000000000000e+04 5.000120000000000000e+05
1.160000000000000000e+02 6.115300000000000000e+04 5.000080000000000000e+05
1.180000000000000000e+02 5.701400000000000000e+04 5.000120000000000000e+05
1.200000000000000000e+02 5.023000000000000000e+04 5.000080000000000000e+05
1.220000000000000000e+02 3.901600000000000000e+04 5.000080000000000000e+05
1.240000000000000000e+02 3.362900000000000000e+04 5.000080000000000000e+05
1.260000000000000000e+02 3.201000000000000000e+04 5.000080000000000000e+05
1.280000000000000000e+02 2.762600000000000000e+04 5.000120000000000000e+05
1.300000000000000000e+02 2.310400000000000000e+04 5.000120000000000000e+05
1.320000000000000000e+02 1.997300000000000000e+04 5.000080000000000000e+05
1.340000000000000000e+02 1.906600000000000000e+04 5.000120000000000000e+05
1.360000000000000000e+02 1.585600000000000000e+04 5.000120000000000000e+05
1.380000000000000000e+02 1.451000000000000000e+04 5.000120000000000000e+05
1.400000000000000000e+02 1.264800000000000000e+04 5.000120000000000000e+05
1.420000000000000000e+02 1.168400000000000000e+04 5.000120000000000000e+05
1.440000000000000000e+02 1.060400000000000000e+04 5.000080000000000000e+05
1.460000000000000000e+02 9.811000000000000000e+03 5.000080000000000000e+05
1.480000000000000000e+02 9.234000000000000000e+03 5.000080000000000000e+05
1.500000000000000000e+02 8.902000000000000000e+03 5.000120000000000000e+05
1.520000000000000000e+02 8.742000000000000000e+03 5.000080000000000000e+05
1.540000000000000000e+02 8.440000000000000000e+03 5.000120000000000000e+05
1.560000000000000000e+02 7.835000000000000000e+03 5.000120000000000000e+05
1.580000000000000000e+02 7.954000000000000000e+03 5.000120000000000000e+05
1.600000000000000000e+02 7.510000000000000000e+03 5.000080000000000000e+05
1.620000000000000000e+02 7.740000000000000000e+03 5.000080000000000000e+05
1.640000000000000000e+02 7.580000000000000000e+03 5.000120000000000000e+05
1.660000000000000000e+02 7.580000000000000000e+03 5.000120000000000000e+05
1.680000000000000000e+02 7.492000000000000000e+03 5.000120000000000000e+05
1.700000000000000000e+02 7.895000000000000000e+03 5.000120000000000000e+05
1.720000000000000000e+02 7.551000000000000000e+03 5.000120000000000000e+05
1.740000000000000000e+02 7.440000000000000000e+03 5.000160000000000000e+05
1.760000000000000000e+02 7.163000000000000000e+03 5.000120000000000000e+05
1.780000000000000000e+02 7.292000000000000000e+03 5.000080000000000000e+05
1.800000000000000000e+02 7.334000000000000000e+03 5.000080000000000000e+05
1.820000000000000000e+02 7.132000000000000000e+03 5.000160000000000000e+05
1.840000000000000000e+02 7.480000000000000000e+03 5.000120000000000000e+05
1.860000000000000000e+02 7.436000000000000000e+03 5.000080000000000000e+05
1.880000000000000000e+02 7.330000000000000000e+03 5.000120000000000000e+05
1.900000000000000000e+02 7.457000000000000000e+03 5.000080000000000000e+05
1.920000000000000000e+02 7.103000000000000000e+03 5.000080000000000000e+05
1.940000000000000000e+02 6.960000000000000000e+03 5.000080000000000000e+05
1.960000000000000000e+02 7.174000000000000000e+03 5.000080000000000000e+05
1.980000000000000000e+02 7.339000000000000000e+03 5.000120000000000000e+05
2.000000000000000000e+02 6.988000000000000000e+03 5.000120000000000000e+05
2.020000000000000000e+02 7.364000000000000000e+03 5.000080000000000000e+05
2.040000000000000000e+02 7.144000000000000000e+03 5.000080000000000000e+05
2.060000000000000000e+02 7.289000000000000000e+03 5.000120000000000000e+05
2.080000000000000000e+02 7.117000000000000000e+03 5.000120000000000000e+05
2.100000000000000000e+02 6.800000000000000000e+03 5.000080000000000000e+05
2.120000000000000000e+02 7.291000000000000000e+03 5.000080000000000000e+05
2.140000000000000000e+02 7.190000000000000000e+03 5.000080000000000000e+05
2.160000000000000000e+02 7.512000000000000000e+03 5.000080000000000000e+05
2.180000000000000000e+02 7.338000000000000000e+03 5.000080000000000000e+05
2.200000000000000000e+02 7.422000000000000000e+03 5.000080000000000000e+05
2.220000000000000000e+02 7.091000000000000000e+03 5.000120000000000000e+05
2.240000000000000000e+02 7.060000000000000000e+03 5.000080000000000000e+05
2.260000000000000000e+02 7.213000000000000000e+03 5.000120000000000000e+05
2.280000000000000000e+02 7.479000000000000000e+03 5.000120000000000000e+05
2.300000000000000000e+02 7.639000000000000000e+03 5.000120000000000000e+05
2.320000000000000000e+02 8.182000000000000000e+03 5.000080000000000000e+05
2.340000000000000000e+02 7.987000000000000000e+03 5.000120000000000000e+05
2.360000000000000000e+02 8.008000000000000000e+03 5.000080000000000000e+05
2.380000000000000000e+02 8.164000000000000000e+03 5.000080000000000000e+05
2.400000000000000000e+02 8.775000000000000000e+03 5.000080000000000000e+05
2.420000000000000000e+02 8.951000000000000000e+03 5.000120000000000000e+05
2.440000000000000000e+02 8.925000000000000000e+03 5.000080000000000000e+05
2.460000000000000000e+02 9.618000000000000000e+03 5.000120000000000000e+05
2.480000000000000000e+02 1.062000000000000000e+04 5.000080000000000000e+05
2.500000000000000000e+02 1.172900000000000000e+04 5.000120000000000000e+05
2.520000000000000000e+02 1.238800000000000000e+04 5.000120000000000000e+05
2.540000000000000000e+02 1.327500000000000000e+04 5.000120000000000000e+05
2.560000000000000000e+02 1.486200000000000000e+04 5.000080000000000000e+05
2.580000000000000000e+02 1.621400000000000000e+04 5.000120000000000000e+05
2.600000000000000000e+02 1.697000000000000000e+04 5.000080000000000000e+05
2.620000000000000000e+02 1.782100000000000000e+04 5.000080000000000000e+05
2.640000000000000000e+02 1.820100000000000000e+04 5.000120000000000000e+05
2.660000000000000000e+02 1.879200000000000000e+04 5.000120000000000000e+05
2.680000000000000000e+02 1.896900000000000000e+04 5.000120000000000000e+05
2.700000000000000000e+02 1.951200000000000000e+04 5.000120000000000000e+05
2.720000000000000000e+02 1.960800000000000000e+04 5.000080000000000000e+05
2.740000000000000000e+02 2.037900000000000000e+04 5.000080000000000000e+05
2.760000000000000000e+02 2.140900000000000000e+04 5.000080000000000000e+05
2.780000000000000000e+02 2.230500000000000000e+04 5.000080000000000000e+05
2.800000000000000000e+02 2.482300000000000000e+04 5.000120000000000000e+05
2.820000000000000000e+02 2.899300000000000000e+04 5.000120000000000000e+05
2.840000000000000000e+02 3.136500000000000000e+04 5.000120000000000000e+05
2.860000000000000000e+02 3.267700000000000000e+04 5.000120000000000000e+05
2.880000000000000000e+02 3.098100000000000000e+04 5.000120000000000000e+05
2.900000000000000000e+02 2.629600000000000000e+04 5.000080000000000000e+05
2.920000000000000000e+02 2.408400000000000000e+04 5.000120000000000000e+05
2.940000000000000000e+02 2.076800000000000000e+04 5.000080000000000000e+05
2.960000000000000000e+02 1.591500000000000000e+04 5.000120000000000000e+05
2.980000000000000000e+02 1.334800000000000000e+04 5.000080000000000000e+05
3.000000000000000000e+02 1.250900000000000000e+04 5.000080000000000000e+05
3.020000000000000000e+02 1.106400000000000000e+04 5.000080000000000000e+05
3.040000000000000000e+02 1.022900000000000000e+04 5.000120000000000000e+05
3.060000000000000000e+02 8.978000000000000000e+03 5.000080000000000000e+05
3.080000000000000000e+02 8.982000000000000000e+03 5.000080000000000000e+05
3.100000000000000000e+02 8.464000000000000000e+03 5.000120000000000000e+05
3.120000000000000000e+02 8.479000000000000000e+03 5.000120000000000000e+05
3.140000000000000000e+02 8.274000000000000000e+03 5.000080000000000000e+05
3.160000000000000000e+02 7.937000000000000000e+03 5.000120000000000000e+05
3.180000000000000000e+02 7.845000000000000000e+03 5.000120000000000000e+05
3.200000000000000000e+02 7.853000000000000000e+03 5.000120000000000000e+05
3.220000000000000000e+02 8.067000000000000000e+03 5.000120000000000000e+05
3.240000000000000000e+02 7.559000000000000000e+03 5.000080000000000000e+05
3.260000000000000000e+02 7.755000000000000000e+03 5.000120000000000000e+05
3.280000000000000000e+02 7.425000000000000000e+03 5.000080000000000000e+05
3.300000000000000000e+02 7.191000000000000000e+03 5.000120000000000000e+05
3.320000000000000000e+02 6.890000000000000000e+03 5.000120000000000000e+05
3.340000000000000000e+02 7.025000000000000000e+03 5.000120000000000000e+05
3.360000000000000000e+02 6.985000000000000000e+03 5.000080000000000000e+05
3.380000000000000000e+02 7.035000000000000000e+03 5.000080000000000000e+05
3.400000000000000000e+02 7.119000000000000000e+03 5.000120000000000000e+05
3.420000000000000000e+02 6.768000000000000000e+03 5.000080000000000000e+05
3.440000000000000000e+02 6.962000000000000000e+03 5.000080000000000000e+05
3.460000000000000000e+02 7.337000000000000000e+03 5.000120000000000000e+05
3.480000000000000000e+02 7.056000000000000000e+03 5.000080000000000000e+05
3.500000000000000000e+02 6.920000000000000000e+03 5.000120000000000000e+05
3.520000000000000000e+02 6.571000000000000000e+03 5.000080000000000000e+05
3.540000000000000000e+02 6.754000000000000000e+03 5.000120000000000000e+05
3.560000000000000000e+02 6.746000000000000000e+03 5.000080000000000000e+05
3.580000000000000000e+02 6.765000000000000000e+03 5.000080000000000000e+05
3.600000000000000000e+02 6.749000000000000000e+03 5.000080000000000000e+05
3.620000000000000000e+02 6.503000000000000000e+03 5.000120000000000000e+05
3.640000000000000000e+02 6.481000000000000000e+03 5.000080000000000000e+05
3.660000000000000000e+02 6.639000000000000000e+03 5.000120000000000000e+05
3.680000000000000000e+02 6.458000000000000000e+03 5.000120000000000000e+05
3.700000000000000000e+02 7.066000000000000000e+03 5.000120000000000000e+05
3.720000000000000000e+02 6.690000000000000000e+03 5.000080000000000000e+05
3.740000000000000000e+02 6.826000000000000000e+03 5.000120000000000000e+05
3.760000000000000000e+02 6.987000000000000000e+03 5.000080000000000000e+05
3.780000000000000000e+02 6.890000000000000000e+03 5.000120000000000000e+05
3.800000000000000000e+02 7.100000000000000000e+03 5.000120000000000000e+05
3.820000000000000000e+02 6.960000000000000000e+03 5.000120000000000000e+05
3.840000000000000000e+02 6.800000000000000000e+03 5.000080000000000000e+05
3.860000000000000000e+02 7.352000000000000000e+03 5.000120000000000000e+05
3.880000000000000000e+02 7.317000000000000000e+03 5.000120000000000000e+05
3.900000000000000000e+02 7.686000000000000000e+03 5.000120000000000000e+05
3.920000000000000000e+02 7.360000000000000000e+03 5.000120000000000000e+05
3.940000000000000000e+02 7.181000000000000000e+03 5.000080000000000000e+05
3.960000000000000000e+02 7.382000000000000000e+03 5.000120000000000000e+05
3.980000000000000000e+02 7.404000000000000000e+03 5.000080000000000000e+05
4.000000000000000000e+02 7.005000000000000000e+03 5.000120000000000000e+05
4.020000000000000000e+02 7.108000000000000000e+03 5.000080000000000000e+05
4.040000000000000000e+02 7.273000000000000000e+03 5.000120000000000000e+05
4.060000000000000000e+02 7.448000000000000000e+03 5.000080000000000000e+05
4.080000000000000000e+02 7.501000000000000000e+03 5.000120000000000000e+05
4.100000000000000000e+02 7.139000000000000000e+03 5.000120000000000000e+05
4.120000000000000000e+02 7.200000000000000000e+03 5.000120000000000000e+05
4.140000000000000000e+02 7.286000000000000000e+03 5.000080000000000000e+05
4.160000000000000000e+02 7.729000000000000000e+03 5.000120000000000000e+05
4.180000000000000000e+02 8.017000000000000000e+03 5.000120000000000000e+05
4.200000000000000000e+02 7.793000000000000000e+03 5.000080000000000000e+05
4.220000000000000000e+02 7.608000000000000000e+03 5.000120000000000000e+05
4.240000000000000000e+02 7.516000000000000000e+03 5.000120000000000000e+05
4.260000000000000000e+02 7.762000000000000000e+03 5.000080000000000000e+05
4.280000000000000000e+02 7.078000000000000000e+03 5.000120000000000000e+05
4.300000000000000000e+02 7.453000000000000000e+03 5.000120000000000000e+05
4.320000000000000000e+02 7.558000000000000000e+03 5.000120000000000000e+05
4.340000000000000000e+02 7.272000000000000000e+03 5.000080000000000000e+05
4.360000000000000000e+02 7.448000000000000000e+03 5.000080000000000000e+05
4.380000000000000000e+02 7.763000000000000000e+03 5.000120000000000000e+05
4.400000000000000000e+02 7.437000000000000000e+03 5.000120000000000000e+05
4.420000000000000000e+02 7.642000000000000000e+03 5.000120000000000000e+05
4.440000000000000000e+02 7.979000000000000000e+03 5.000120000000000000e+05
4.460000000000000000e+02 7.855000000000000000e+03 5.000080000000000000e+05
4.480000000000000000e+02 8.064000000000000000e+03 5.000080000000000000e+05
4.500000000000000000e+02 7.769000000000000000e+03 5.000080000000000000e+05
4.520000000000000000e+02 7.537000000000000000e+03 5.000120000000000000e+05
4.540000000000000000e+02 7.696000000000000000e+03 5.000120000000000000e+05
4.560000000000000000e+02 7.855000000000000000e+03 5.000080000000000000e+05
4.580000000000000000e+02 7.955000000000000000e+03 5.000120000000000000e+05
4.600000000000000000e+02 7.639000000000000000e+03 5.000120000000000000e+05
4.620000000000000000e+02 7.874000000000000000e+03 5.000120000000000000e+05
4.640000000000000000e+02 8.210000000000000000e+03 5.000120000000000000e+05
4.660000000000000000e+02 8.043000000000000000e+03 5.000120000000000000e+05
4.680000000000000000e+02 7.996000000000000000e+03 5.000120000000000000e+05
4.700000000000000000e+02 8.003000000000000000e+03 5.000120000000000000e+05
4.720000000000000000e+02 7.894000000000000000e+03 5.000080000000000000e+05
4.740000000000000000e+02 8.214000000000000000e+03 5.000120000000000000e+05
4.760000000000000000e+02 8.348000000000000000e+03 5.000080000000000000e+05
4.780000000000000000e+02 8.220000000000000000e+03 5.000120000000000000e+05
4.800000000000000000e+02 8.638000000000000000e+03 5.000080000000000000e+05
4.820000000000000000e+02 8.459000000000000000e+03 5.000120000000000000e+05
4.840000000000000000e+02 8.166000000000000000e+03 5.000120000000000000e+05
4.860000000000000000e+02 8.108000000000000000e+03 5.000080000000000000e+05
4.880000000000000000e+02 7.722000000000000000e+03 5.000120000000000000e+05
4.900000000000000000e+02 8.359000000000000000e+03 5.000080000000000000e+05
4.920000000000000000e+02 8.466000000000000000e+03 5.000080000000000000e+05
4.940000000000000000e+02 8.465000000000000000e+03 5.000120000000000000e+05
4.960000000000000000e+02 8.146000000000000000e+03 5.000120000000000000e+05
4.980000000000000000e+02 8.384000000000000000e+03 5.000080000000000000e+05
5.000000000000000000e+02 8.486000000000000000e+03 5.000080000000000000e+05
5.020000000000000000e+02 8.611000000000000000e+03 5.000080000000000000e+05
5.040000000000000000e+02 9.002000000000000000e+03 5.000080000000000000e+05
5.060000000000000000e+02 8.639000000000000000e+03 5.000080000000000000e+05
5.080000000000000000e+02 8.792000000000000000e+03 5.000120000000000000e+05
5.100000000000000000e+02 8.722000000000000000e+03 5.000120000000000000e+05
5.120000000000000000e+02 8.527000000000000000e+03 5.000080000000000000e+05
5.140000000000000000e+02 8.714000000000000000e+03 5.000120000000000000e+05
5.160000000000000000e+02 8.767000000000000000e+03 5.000080000000000000e+05
5.180000000000000000e+02 8.828000000000000000e+03 5.000080000000000000e+05
5.200000000000000000e+02 8.611000000000000000e+03 5.000120000000000000e+05
5.220000000000000000e+02 7.964000000000000000e+03 5.000080000000000000e+05
5.240000000000000000e+02 8.216000000000000000e+03 5.000080000000000000e+05
5.260000000000000000e+02 7.711000000000000000e+03 5.000120000000000000e+05
5.280000000000000000e+02 8.287000000000000000e+03 5.000120000000000000e+05
5.300000000000000000e+02 8.544000000000000000e+03 5.000120000000000000e+05
5.320000000000000000e+02 8.203000000000000000e+03 5.000080000000000000e+05
5.340000000000000000e+02 8.053000000000000000e+03 5.000080000000000000e+05
5.360000000000000000e+02 7.610000000000000000e+03 5.000080000000000000e+05
5.380000000000000000e+02 7.907000000000000000e+03 5.000120000000000000e+05
5.400000000000000000e+02 8.058000000000000000e+03 5.000080000000000000e+05
5.420000000000000000e+02 7.977000000000000000e+03 5.000120000000000000e+05
5.440000000000000000e+02 8.175000000000000000e+03 5.000120000000000000e+05
5.460000000000000000e+02 8.187000000000000000e+03 5.000080000000000000e+05
5.480000000000000000e+02 8.303000000000000000e+03 5.000120000000000000e+05
5.500000000000000000e+02 8.213000000000000000e+03 5.000120000000000000e+05
5.520000000000000000e+02 8.007000000000000000e+03 5.000120000000000000e+05
5.540000000000000000e+02 8.022000000000000000e+03 5.000080000000000000e+05
5.560000000000000000e+02 8.323000000000000000e+03 5.000120000000000000e+05
5.580000000000000000e+02 8.264000000000000000e+03 5.000120000000000000e+05
5.600000000000000000e+02 8.071000000000000000e+03 5.000120000000000000e+05
5.620000000000000000e+02 8.427000000000000000e+03 5.000080000000000000e+05
5.640000000000000000e+02 8.106000000000000000e+03 5.000080000000000000e+05
5.660000000000000000e+02 8.481000000000000000e+03 5.000120000000000000e+05
5.680000000000000000e+02 8.644000000000000000e+03 5.000120000000000000e+05
5.700000000000000000e+02 8.634000000000000000e+03 5.000080000000000000e+05
5.720000000000000000e+02 8.711000000000000000e+03 5.000080000000000000e+05
5.740000000000000000e+02 8.410000000000000000e+03 5.000120000000000000e+05
5.760000000000000000e+02 8.239000000000000000e+03 5.000080000000000000e+05
5.780000000000000000e+02 8.470000000000000000e+03 5.000080000000000000e+05
5.800000000000000000e+02 8.443000000000000000e+03 5.000120000000000000e+05
5.820000000000000000e+02 8.529000000000000000e+03 5.000080000000000000e+05
5.840000000000000000e+02 8.081000000000000000e+03 5.000120000000000000e+05
5.860000000000000000e+02 8.447000000000000000e+03 5.000080000000000000e+05
5.880000000000000000e+02 8.475000000000000000e+03 5.000080000000000000e+05
5.900000000000000000e+02 8.315000000000000000e+03 5.000080000000000000e+05
5.920000000000000000e+02 8.398000000000000000e+03 5.000080000000000000e+05
5.940000000000000000e+02 8.482000000000000000e+03 5.000120000000000000e+05
5.960000000000000000e+02 8.525000000000000000e+03 5.000080000000000000e+05
5.980000000000000000e+02 8.933000000000000000e+03 5.000120000000000000e+05
6.000000000000000000e+02 8.689000000000000000e+03 5.000120000000000000e+05
6.020000000000000000e+02 8.654000000000000000e+03 5.000080000000000000e+05
6.040000000000000000e+02 8.442000000000000000e+03 5.000120000000000000e+05
6.060000000000000000e+02 8.549000000000000000e+03 5.000080000000000000e+05
6.080000000000000000e+02 9.301000000000000000e+03 5.000120000000000000e+05
6.100000000000000000e+02 9.168000000000000000e+03 5.000080000000000000e+05
6.120000000000000000e+02 9.207000000000000000e+03 5.000080000000000000e+05
6.140000000000000000e+02 9.206000000000000000e+03 5.000080000000000000e+05
6.160000000000000000e+02 9.261000000000000000e+03 5.000080000000000000e+05
6.180000000000000000e+02 9.450000000000000000e+03 5.000120000000000000e+05
6.200000000000000000e+02 8.899000000000000000e+03 5.000120000000000000e+05
6.220000000000000000e+02 9.024000000000000000e+03 5.000120000000000000e+05
6.240000000000000000e+02 9.041000000000000000e+03 5.000120000000000000e+05
6.260000000000000000e+02 9.222000000000000000e+03 5.000080000000000000e+05
6.280000000000000000e+02 9.342000000000000000e+03 5.000080000000000000e+05
6.300000000000000000e+02 9.254000000000000000e+03 5.000080000000000000e+05
6.320000000000000000e+02 8.919000000000000000e+03 5.000120000000000000e+05
6.340000000000000000e+02 8.893000000000000000e+03 5.000080000000000000e+05
6.360000000000000000e+02 9.031000000000000000e+03 5.000080000000000000e+05
6.380000000000000000e+02 8.851000000000000000e+03 5.000120000000000000e+05
6.400000000000000000e+02 9.011000000000000000e+03 5.000080000000000000e+05
6.420000000000000000e+02 9.051000000000000000e+03 5.000160000000000000e+05
6.440000000000000000e+02 9.305000000000000000e+03 5.000080000000000000e+05
6.460000000000000000e+02 9.014000000000000000e+03 5.000080000000000000e+05
6.480000000000000000e+02 9.339000000000000000e+03 5.000080000000000000e+05
6.500000000000000000e+02 8.936000000000000000e+03 5.000120000000000000e+05
6.520000000000000000e+02 9.073000000000000000e+03 5.000080000000000000e+05
6.540000000000000000e+02 9.429000000000000000e+03 5.000120000000000000e+05
6.560000000000000000e+02 9.646000000000000000e+03 5.000120000000000000e+05
6.580000000000000000e+02 9.924000000000000000e+03 5.000120000000000000e+05
6.600000000000000000e+02 1.016300000000000000e+04 5.000080000000000000e+05
6.620000000000000000e+02 1.021300000000000000e+04 5.000080000000000000e+05
6.640000000000000000e+02 9.651000000000000000e+03 5.000080000000000000e+05
6.660000000000000000e+02 9.767000000000000000e+03 5.000080000000000000e+05
6.680000000000000000e+02 9.927000000000000000e+03 5.000080000000000000e+05
6.700000000000000000e+02 9.627000000000000000e+03 5.000120000000000000e+05
6.720000000000000000e+02 9.706000000000000000e+03 5.000120000000000000e+05
6.740000000000000000e+02 1.028100000000000000e+04 5.000080000000000000e+05
6.760000000000000000e+02 9.979000000000000000e+03 5.000120000000000000e+05
6.780000000000000000e+02 9.793000000000000000e+03 5.000120000000000000e+05
6.800000000000000000e+02 1.092000000000000000e+04 5.000120000000000000e+05
6.820000000000000000e+02 1.078200000000000000e+04 5.000120000000000000e+05
6.840000000000000000e+02 1.142600000000000000e+04 5.000080000000000000e+05
6.860000000000000000e+02 1.162500000000000000e+04 5.000080000000000000e+05
6.880000000000000000e+02 1.128100000000000000e+04 5.000120000000000000e+05
6.900000000000000000e+02 1.095200000000000000e+04 5.000080000000000000e+05
6.920000000000000000e+02 1.141700000000000000e+04 5.000120000000000000e+05
6.940000000000000000e+02 1.130400000000000000e+04 5.000080000000000000e+05
6.960000000000000000e+02 1.133600000000000000e+04 5.000080000000000000e+05
6.980000000000000000e+02 1.148200000000000000e+04 5.000080000000000000e+05
7.000000000000000000e+02 1.145200000000000000e+04 5.000080000000000000e+05
7.020000000000000000e+02 1.190600000000000000e+04 5.000080000000000000e+05
7.040000000000000000e+02 1.224800000000000000e+04 5.000080000000000000e+05
7.060000000000000000e+02 1.197400000000000000e+04 5.000080000000000000e+05
7.080000000000000000e+02 1.172300000000000000e+04 5.000080000000000000e+05
7.100000000000000000e+02 1.141100000000000000e+04 5.000080000000000000e+05
7.120000000000000000e+02 1.176100000000000000e+04 5.000120000000000000e+05
7.140000000000000000e+02 1.180300000000000000e+04 5.000080000000000000e+05
7.160000000000000000e+02 1.205200000000000000e+04 5.000080000000000000e+05
7.180000000000000000e+02 1.169800000000000000e+04 5.000120000000000000e+05
7.200000000000000000e+02 1.212900000000000000e+04 5.000120000000000000e+05
7.220000000000000000e+02 1.250600000000000000e+04 5.000080000000000000e+05
7.240000000000000000e+02 1.216900000000000000e+04 5.000080000000000000e+05
7.260000000000000000e+02 1.236200000000000000e+04 5.000120000000000000e+05
7.280000000000000000e+02 1.196200000000000000e+04 5.000120000000000000e+05
7.300000000000000000e+02 1.168400000000000000e+04 5.000120000000000000e+05
7.320000000000000000e+02 1.201900000000000000e+04 5.000080000000000000e+05
7.340000000000000000e+02 1.223600000000000000e+04 5.000120000000000000e+05
7.360000000000000000e+02 1.258600000000000000e+04 5.000120000000000000e+05
7.380000000000000000e+02 1.226900000000000000e+04 5.000120000000000000e+05
7.400000000000000000e+02 1.230800000000000000e+04 5.000120000000000000e+05
7.420000000000000000e+02 1.257500000000000000e+04 5.000080000000000000e+05
7.440000000000000000e+02 1.223800000000000000e+04 5.000120000000000000e+05
7.460000000000000000e+02 1.206400000000000000e+04 5.000120000000000000e+05
7.480000000000000000e+02 1.254500000000000000e+04 5.000080000000000000e+05
7.500000000000000000e+02 1.244700000000000000e+04 5.000120000000000000e+05
7.520000000000000000e+02 1.259700000000000000e+04 5.000120000000000000e+05
7.540000000000000000e+02 1.252700000000000000e+04 5.000080000000000000e+05
7.560000000000000000e+02 1.237400000000000000e+04 5.000080000000000000e+05
7.580000000000000000e+02 1.205700000000000000e+04 5.000080000000000000e+05
7.600000000000000000e+02 1.233600000000000000e+04 5.000080000000000000e+05
7.620000000000000000e+02 1.263800000000000000e+04 5.000120000000000000e+05
7.640000000000000000e+02 1.251300000000000000e+04 5.000080000000000000e+05
7.660000000000000000e+02 1.264400000000000000e+04 5.000080000000000000e+05
7.680000000000000000e+02 1.298100000000000000e+04 5.000120000000000000e+05
7.700000000000000000e+02 1.272100000000000000e+04 5.000080000000000000e+05
7.720000000000000000e+02 1.249400000000000000e+04 5.000120000000000000e+05
7.740000000000000000e+02 1.239200000000000000e+04 5.000080000000000000e+05
7.760000000000000000e+02 1.289700000000000000e+04 5.000120000000000000e+05
7.780000000000000000e+02 1.281100000000000000e+04 5.000080000000000000e+05
7.800000000000000000e+02 1.299400000000000000e+04 5.000080000000000000e+05
7.820000000000000000e+02 1.323700000000000000e+04 5.000080000000000000e+05
7.840000000000000000e+02 1.397800000000000000e+04 5.000120000000000000e+05
7.860000000000000000e+02 1.406600000000000000e+04 5.000080000000000000e+05
7.880000000000000000e+02 1.327000000000000000e+04 5.000120000000000000e+05
7.900000000000000000e+02 1.406500000000000000e+04 5.000080000000000000e+05
7.920000000000000000e+02 1.306200000000000000e+04 5.000080000000000000e+05
7.940000000000000000e+02 1.309500000000000000e+04 5.000080000000000000e+05
7.960000000000000000e+02 1.326600000000000000e+04 5.000120000000000000e+05
7.980000000000000000e+02 1.298000000000000000e+04 5.000120000000000000e+05
8.000000000000000000e+02 1.303300000000000000e+04 5.000080000000000000e+05
8.020000000000000000e+02 1.323700000000000000e+04 5.000120000000000000e+05
8.040000000000000000e+02 1.308000000000000000e+04 5.000160000000000000e+05
8.060000000000000000e+02 1.328700000000000000e+04 5.000120000000000000e+05
8.080000000000000000e+02 1.341200000000000000e+04 5.000120000000000000e+05
8.100000000000000000e+02 1.318400000000000000e+04 5.000080000000000000e+05
8.120000000000000000e+02 1.432800000000000000e+04 5.000080000000000000e+05
8.140000000000000000e+02 1.427800000000000000e+04 5.000120000000000000e+05
8.160000000000000000e+02 1.326500000000000000e+04 5.000080000000000000e+05
8.180000000000000000e+02 1.425900000000000000e+04 5.000080000000000000e+05
8.200000000000000000e+02 1.336500000000000000e+04 5.000080000000000000e+05
8.220000000000000000e+02 1.358500000000000000e+04 5.000080000000000000e+05
8.240000000000000000e+02 1.323900000000000000e+04 5.000120000000000000e+05
8.260000000000000000e+02 1.337500000000000000e+04 5.000080000000000000e+05
8.280000000000000000e+02 1.255200000000000000e+04 5.000080000000000000e+05
8.300000000000000000e+02 1.319600000000000000e+04 5.000080000000000000e+05
8.320000000000000000e+02 1.313800000000000000e+04 5.000080000000000000e+05
8.340000000000000000e+02 1.257800000000000000e+04 5.000120000000000000e+05
8.360000000000000000e+02 1.248700000000000000e+04 5.000120000000000000e+05
8.380000000000000000e+02 1.239800000000000000e+04 5.000080000000000000e+05
8.400000000000000000e+02 1.228100000000000000e+04 5.000120000000000000e+05
8.420000000000000000e+02 1.268000000000000000e+04 5.000120000000000000e+05
8.440000000000000000e+02 1.203700000000000000e+04 5.000080000000000000e+05
8.460000000000000000e+02 1.219100000000000000e+04 5.000080000000000000e+05
8.480000000000000000e+02 1.214500000000000000e+04 5.000120000000000000e+05
8.500000000000000000e+02 1.196500000000000000e+04 5.000080000000000000e+05
8.520000000000000000e+02 1.229200000000000000e+04 5.000120000000000000e+05
8.540000000000000000e+02 1.147500000000000000e+04 5.000080000000000000e+05
8.560000000000000000e+02 1.196400000000000000e+04 5.000080000000000000e+05
8.580000000000000000e+02 1.167700000000000000e+04 5.000120000000000000e+05
8.600000000000000000e+02 1.166900000000000000e+04 5.000120000000000000e+05
8.620000000000000000e+02 1.161900000000000000e+04 5.000120000000000000e+05
8.640000000000000000e+02 1.115600000000000000e+04 5.000120000000000000e+05
8.660000000000000000e+02 1.088400000000000000e+04 5.000080000000000000e+05
8.680000000000000000e+02 1.070600000000000000e+04 5.000160000000000000e+05
8.700000000000000000e+02 1.085000000000000000e+04 5.000080000000000000e+05
8.720000000000000000e+02 1.129500000000000000e+04 5.000120000000000000e+05
8.740000000000000000e+02 1.140000000000000000e+04 5.000080000000000000e+05
8.760000000000000000e+02 1.140900000000000000e+04 5.000080000000000000e+05
8.780000000000000000e+02 1.120700000000000000e+04 5.000120000000000000e+05
8.800000000000000000e+02 1.093300000000000000e+04 5.000080000000000000e+05
8.820000000000000000e+02 1.121600000000000000e+04 5.000120000000000000e+05
8.840000000000000000e+02 1.085100000000000000e+04 5.000080000000000000e+05
8.860000000000000000e+02 1.118000000000000000e+04 5.000080000000000000e+05
8.880000000000000000e+02 1.064200000000000000e+04 5.000080000000000000e+05
8.900000000000000000e+02 1.075600000000000000e+04 5.000120000000000000e+05
8.920000000000000000e+02 1.102700000000000000e+04 5.000080000000000000e+05
8.940000000000000000e+02 1.087700000000000000e+04 5.000080000000000000e+05
8.960000000000000000e+02 1.113700000000000000e+04 5.000120000000000000e+05
8.980000000000000000e+02 1.111500000000000000e+04 5.000120000000000000e+05
9.000000000000000000e+02 1.030900000000000000e+04 5.000080000000000000e+05
9.020000000000000000e+02 1.034400000000000000e+04 5.000080000000000000e+05
9.040000000000000000e+02 1.114400000000000000e+04 5.000080000000000000e+05
9.060000000000000000e+02 9.915000000000000000e+03 5.000080000000000000e+05
9.080000000000000000e+02 1.017100000000000000e+04 5.000080000000000000e+05
9.100000000000000000e+02 1.033200000000000000e+04 5.000120000000000000e+05
9.120000000000000000e+02 1.024600000000000000e+04 5.000120000000000000e+05
9.140000000000000000e+02 1.009800000000000000e+04 5.000080000000000000e+05
9.160000000000000000e+02 1.031900000000000000e+04 5.000080000000000000e+05
9.180000000000000000e+02 1.007400000000000000e+04 5.000080000000000000e+05
9.200000000000000000e+02 1.003900000000000000e+04 5.000080000000000000e+05
9.220000000000000000e+02 9.623000000000000000e+03 5.000080000000000000e+05
9.240000000000000000e+02 9.732000000000000000e+03 5.000080000000000000e+05
9.260000000000000000e+02 9.943000000000000000e+03 5.000120000000000000e+05
9.280000000000000000e+02 9.723000000000000000e+03 5.000080000000000000e+05
9.300000000000000000e+02 1.048200000000000000e+04 5.000080000000000000e+05
9.320000000000000000e+02 1.006400000000000000e+04 5.000080000000000000e+05
9.340000000000000000e+02 9.626000000000000000e+03 5.000080000000000000e+05
9.360000000000000000e+02 9.452000000000000000e+03 5.000120000000000000e+05
9.380000000000000000e+02 9.544000000000000000e+03 5.000160000000000000e+05
9.400000000000000000e+02 9.348000000000000000e+03 5.000120000000000000e+05
9.420000000000000000e+02 8.941000000000000000e+03 5.000120000000000000e+05
9.440000000000000000e+02 8.879000000000000000e+03 5.000120000000000000e+05
9.460000000000000000e+02 8.919000000000000000e+03 5.000120000000000000e+05
9.480000000000000000e+02 9.119000000000000000e+03 5.000120000000000000e+05
9.500000000000000000e+02 9.149000000000000000e+03 5.000080000000000000e+05
9.520000000000000000e+02 9.171000000000000000e+03 5.000120000000000000e+05
9.540000000000000000e+02 9.274000000000000000e+03 5.000120000000000000e+05
9.560000000000000000e+02 9.196000000000000000e+03 5.000080000000000000e+05
9.580000000000000000e+02 9.306000000000000000e+03 5.000080000000000000e+05
9.600000000000000000e+02 9.814000000000000000e+03 5.000080000000000000e+05
9.620000000000000000e+02 9.612000000000000000e+03 5.000120000000000000e+05
9.640000000000000000e+02 9.370000000000000000e+03 5.000120000000000000e+05
9.660000000000000000e+02 8.899000000000000000e+03 5.000120000000000000e+05
9.680000000000000000e+02 8.893000000000000000e+03 5.000080000000000000e+05
9.700000000000000000e+02 8.487000000000000000e+03 5.000080000000000000e+05
9.720000000000000000e+02 7.973000000000000000e+03 5.000120000000000000e+05
9.740000000000000000e+02 8.007000000000000000e+03 5.000080000000000000e+05
9.760000000000000000e+02 8.705000000000000000e+03 5.000120000000000000e+05
9.780000000000000000e+02 7.762000000000000000e+03 5.000080000000000000e+05
9.800000000000000000e+02 7.623000000000000000e+03 5.000120000000000000e+05
9.820000000000000000e+02 7.939000000000000000e+03 5.000080000000000000e+05
9.840000000000000000e+02 8.622000000000000000e+03 5.000120000000000000e+05
9.860000000000000000e+02 8.111000000000000000e+03 5.000120000000000000e+05
9.880000000000000000e+02 8.206000000000000000e+03 5.000120000000000000e+05
9.900000000000000000e+02 8.542000000000000000e+03 5.000080000000000000e+05
9.920000000000000000e+02 8.254000000000000000e+03 5.000120000000000000e+05
9.940000000000000000e+02 8.057000000000000000e+03 5.000080000000000000e+05
9.960000000000000000e+02 8.423000000000000000e+03 5.000120000000000000e+05
9.980000000000000000e+02 7.990000000000000000e+03 5.000080000000000000e+05
1.000000000000000000e+03 7.985000000000000000e+03 5.000080000000000000e+05
1.002000000000000000e+03 8.182000000000000000e+03 5.000120000000000000e+05
1.004000000000000000e+03 8.089000000000000000e+03 5.000120000000000000e+05
1.006000000000000000e+03 7.966000000000000000e+03 5.000080000000000000e+05
1.008000000000000000e+03 7.695000000000000000e+03 5.000080000000000000e+05
1.010000000000000000e+03 7.984000000000000000e+03 5.000080000000000000e+05
1.012000000000000000e+03 7.096000000000000000e+03 5.000120000000000000e+05
1.014000000000000000e+03 6.950000000000000000e+03 5.000120000000000000e+05
1.016000000000000000e+03 7.299000000000000000e+03 5.000120000000000000e+05
1.018000000000000000e+03 6.893000000000000000e+03 5.000080000000000000e+05
1.020000000000000000e+03 6.913000000000000000e+03 5.000120000000000000e+05
1.022000000000000000e+03 6.445000000000000000e+03 5.000080000000000000e+05
1.024000000000000000e+03 5.853000000000000000e+03 5.000080000000000000e+05
1.026000000000000000e+03 5.884000000000000000e+03 5.000080000000000000e+05
1.028000000000000000e+03 5.992000000000000000e+03 5.000080000000000000e+05
1.030000000000000000e+03 6.002000000000000000e+03 5.000120000000000000e+05
1.032000000000000000e+03 5.776000000000000000e+03 5.000080000000000000e+05
1.034000000000000000e+03 5.384000000000000000e+03 5.000080000000000000e+05
1.036000000000000000e+03 5.279000000000000000e+03 5.000080000000000000e+05
1.038000000000000000e+03 5.612000000000000000e+03 5.000120000000000000e+05
1.040000000000000000e+03 5.613000000000000000e+03 5.000080000000000000e+05
1.042000000000000000e+03 5.524000000000000000e+03 5.000080000000000000e+05
1.044000000000000000e+03 5.718000000000000000e+03 5.000080000000000000e+05
1.046000000000000000e+03 5.589000000000000000e+03 5.000120000000000000e+05
1.048000000000000000e+03 5.815000000000000000e+03 5.000080000000000000e+05
1.050000000000000000e+03 5.939000000000000000e+03 5.000120000000000000e+05
1.052000000000000000e+03 5.858000000000000000e+03 5.000080000000000000e+05
1.054000000000000000e+03 5.721000000000000000e+03 5.000120000000000000e+05
1.056000000000000000e+03 5.086000000000000000e+03 5.000120000000000000e+05
1.058000000000000000e+03 4.977000000000000000e+03 5.000080000000000000e+05
1.060000000000000000e+03 5.170000000000000000e+03 5.000080000000000000e+05
1.062000000000000000e+03 4.994000000000000000e+03 5.000080000000000000e+05
1.064000000000000000e+03 5.147000000000000000e+03 5.000120000000000000e+05
1.066000000000000000e+03 5.177000000000000000e+03 5.000120000000000000e+05
1.068000000000000000e+03 5.092000000000000000e+03 5.000080000000000000e+05
1.070000000000000000e+03 5.061000000000000000e+03 5.000120000000000000e+05
1.072000000000000000e+03 4.936000000000000000e+03 5.000120000000000000e+05
1.074000000000000000e+03 4.845000000000000000e+03 5.000120000000000000e+05
1.076000000000000000e+03 4.312000000000000000e+03 5.000080000000000000e+05
1.078000000000000000e+03 4.098000000000000000e+03 5.000080000000000000e+05
1.080000000000000000e+03 4.010000000000000000e+03 5.000080000000000000e+05
1.082000000000000000e+03 3.821000000000000000e+03 5.000120000000000000e+05
1.084000000000000000e+03 3.634000000000000000e+03 5.000080000000000000e+05
1.086000000000000000e+03 3.658000000000000000e+03 5.000120000000000000e+05
1.088000000000000000e+03 3.528000000000000000e+03 5.000120000000000000e+05
1.090000000000000000e+03 3.604000000000000000e+03 5.000120000000000000e+05
1.092000000000000000e+03 3.503000000000000000e+03 5.000080000000000000e+05
1.094000000000000000e+03 3.373000000000000000e+03 5.000120000000000000e+05
1.096000000000000000e+03 3.562000000000000000e+03 5.000080000000000000e+05
1.098000000000000000e+03 3.341000000000000000e+03 5.000080000000000000e+05
1.100000000000000000e+03 3.263000000000000000e+03 5.000120000000000000e+05
1.102000000000000000e+03 3.345000000000000000e+03 5.000120000000000000e+05
1.104000000000000000e+03 3.350000000000000000e+03 5.000080000000000000e+05
1.106000000000000000e+03 3.376000000000000000e+03 5.000080000000000000e+05
1.108000000000000000e+03 3.590000000000000000e+03 5.000080000000000000e+05
1.110000000000000000e+03 3.750000000000000000e+03 5.000120000000000000e+05
1.112000000000000000e+03 4.190000000000000000e+03 5.000120000000000000e+05
1.114000000000000000e+03 4.330000000000000000e+03 5.000080000000000000e+05
1.116000000000000000e+03 4.559000000000000000e+03 5.000080000000000000e+05
1.118000000000000000e+03 4.827000000000000000e+03 5.000080000000000000e+05
1.120000000000000000e+03 4.974000000000000000e+03 5.000120000000000000e+05
1.122000000000000000e+03 5.235000000000000000e+03 5.000080000000000000e+05
1.124000000000000000e+03 5.160000000000000000e+03 5.000120000000000000e+05
1.126000000000000000e+03 5.401000000000000000e+03 5.000080000000000000e+05
1.128000000000000000e+03 5.309000000000000000e+03 5.000080000000000000e+05
1.130000000000000000e+03 5.728000000000000000e+03 5.000120000000000000e+05
1.132000000000000000e+03 5.921000000000000000e+03 5.000120000000000000e+05
1.134000000000000000e+03 5.882000000000000000e+03 5.000080000000000000e+05
1.136000000000000000e+03 5.614000000000000000e+03 5.000080000000000000e+05
1.138000000000000000e+03 6.655000000000000000e+03 5.000120000000000000e+05
1.140000000000000000e+03 6.915000000000000000e+03 5.000120000000000000e+05
1.142000000000000000e+03 7.445000000000000000e+03 5.000120000000000000e+05
1.144000000000000000e+03 7.253000000000000000e+03 5.000080000000000000e+05
1.146000000000000000e+03 8.033000000000000000e+03 5.000080000000000000e+05
1.148000000000000000e+03 7.673000000000000000e+03 5.000080000000000000e+05
1.150000000000000000e+03 7.906000000000000000e+03 5.000080000000000000e+05
1.152000000000000000e+03 8.194000000000000000e+03 5.000080000000000000e+05
1.154000000000000000e+03 8.049000000000000000e+03 5.000080000000000000e+05
1.156000000000000000e+03 8.110000000000000000e+03 5.000080000000000000e+05
1.158000000000000000e+03 8.710000000000000000e+03 5.000120000000000000e+05
1.160000000000000000e+03 9.054000000000000000e+03 5.000080000000000000e+05
1.162000000000000000e+03 8.423000000000000000e+03 5.000120000000000000e+05
1.164000000000000000e+03 8.085000000000000000e+03 5.000160000000000000e+05
1.166000000000000000e+03 8.921000000000000000e+03 5.000080000000000000e+05
1.168000000000000000e+03 9.177000000000000000e+03 5.000120000000000000e+05
1.170000000000000000e+03 9.802000000000000000e+03 5.000080000000000000e+05
1.172000000000000000e+03 9.807000000000000000e+03 5.000120000000000000e+05
1.174000000000000000e+03 9.819000000000000000e+03 5.000120000000000000e+05
1.176000000000000000e+03 9.896000000000000000e+03 5.000080000000000000e+05
1.178000000000000000e+03 9.923000000000000000e+03 5.000080000000000000e+05
1.180000000000000000e+03 1.010900000000000000e+04 5.000120000000000000e+05
1.182000000000000000e+03 1.008200000000000000e+04 5.000080000000000000e+05
1.184000000000000000e+03 1.046000000000000000e+04 5.000080000000000000e+05
1.186000000000000000e+03 9.450000000000000000e+03 5.000120000000000000e+05
1.188000000000000000e+03 9.900000000000000000e+03 5.000120000000000000e+05
1.190000000000000000e+03 9.899000000000000000e+03 5.000080000000000000e+05
1.192000000000000000e+03 9.665000000000000000e+03 5.000080000000000000e+05
1.194000000000000000e+03 1.037900000000000000e+04 5.000080000000000000e+05
1.196000000000000000e+03 1.068000000000000000e+04 5.000080000000000000e+05
1.198000000000000000e+03 9.889000000000000000e+03 5.000120000000000000e+05
1.200000000000000000e+03 1.000900000000000000e+04 5.000120000000000000e+05
1.202000000000000000e+03 9.988000000000000000e+03 5.000080000000000000e+05
1.204000000000000000e+03 1.048400000000000000e+04 5.000080000000000000e+05
1.206000000000000000e+03 1.065500000000000000e+04 5.000080000000000000e+05
1.208000000000000000e+03 1.045700000000000000e+04 5.000120000000000000e+05
1.210000000000000000e+03 1.104300000000000000e+04 5.000080000000000000e+05
1.212000000000000000e+03 1.081400000000000000e+04 5.000080000000000000e+05
1.214000000000000000e+03 1.041700000000000000e+04 5.000120000000000000e+05
1.216000000000000000e+03 1.089000000000000000e+04 5.000080000000000000e+05
1.218000000000000000e+03 1.120400000000000000e+04 5.000080000000000000e+05
1.220000000000000000e+03 1.159900000000000000e+04 5.000080000000000000e+05
1.222000000000000000e+03 1.168700000000000000e+04 5.000120000000000000e+05
1.224000000000000000e+03 1.194600000000000000e+04 5.000120000000000000e+05
1.226000000000000000e+03 1.217700000000000000e+04 5.000120000000000000e+05
1.228000000000000000e+03 1.198900000000000000e+04 5.000120000000000000e+05
1.230000000000000000e+03 1.206900000000000000e+04 5.000120000000000000e+05
1.232000000000000000e+03 1.221500000000000000e+04 5.000120000000000000e+05
1.234000000000000000e+03 1.166300000000000000e+04 5.000120000000000000e+05
1.236000000000000000e+03 1.288200000000000000e+04 5.000080000000000000e+05
1.238000000000000000e+03 1.267600000000000000e+04 5.000120000000000000e+05
1.240000000000000000e+03 1.353900000000000000e+04 5.000080000000000000e+05
1.242000000000000000e+03 1.333600000000000000e+04 5.000080000000000000e+05
1.244000000000000000e+03 1.339700000000000000e+04 5.000080000000000000e+05
1.246000000000000000e+03 1.293300000000000000e+04 5.000120000000000000e+05
1.248000000000000000e+03 1.249700000000000000e+04 5.000120000000000000e+05
1.250000000000000000e+03 1.275300000000000000e+04 5.000120000000000000e+05
1.252000000000000000e+03 1.151500000000000000e+04 5.000080000000000000e+05
1.254000000000000000e+03 1.151800000000000000e+04 5.000120000000000000e+05
1.256000000000000000e+03 1.140000000000000000e+04 5.000080000000000000e+05
1.258000000000000000e+03 1.250000000000000000e+04 5.000120000000000000e+05
1.260000000000000000e+03 1.156300000000000000e+04 5.000120000000000000e+05
1.262000000000000000e+03 1.221700000000000000e+04 5.000080000000000000e+05
1.264000000000000000e+03 1.209900000000000000e+04 5.000080000000000000e+05
1.266000000000000000e+03 1.273500000000000000e+04 5.000080000000000000e+05
1.268000000000000000e+03 1.298700000000000000e+04 5.000120000000000000e+05
1.270000000000000000e+03 1.305900000000000000e+04 5.000080000000000000e+05
1.272000000000000000e+03 1.272500000000000000e+04 5.000120000000000000e+05
1.274000000000000000e+03 1.267700000000000000e+04 5.000080000000000000e+05
1.276000000000000000e+03 1.340000000000000000e+04 5.000120000000000000e+05
1.278000000000000000e+03 1.214300000000000000e+04 5.000120000000000000e+05
1.280000000000000000e+03 1.236500000000000000e+04 5.000080000000000000e+05
1.282000000000000000e+03 1.212900000000000000e+04 5.000120000000000000e+05
1.284000000000000000e+03 1.157100000000000000e+04 5.000080000000000000e+05
1.286000000000000000e+03 1.209300000000000000e+04 5.000120000000000000e+05
1.288000000000000000e+03 1.226000000000000000e+04 5.000080000000000000e+05
1.290000000000000000e+03 1.061700000000000000e+04 5.000080000000000000e+05
1.292000000000000000e+03 1.033200000000000000e+04 5.000120000000000000e+05
1.294000000000000000e+03 1.069900000000000000e+04 5.000120000000000000e+05
1.296000000000000000e+03 1.107700000000000000e+04 5.000120000000000000e+05
1.298000000000000000e+03 1.114900000000000000e+04 5.000080000000000000e+05
1.300000000000000000e+03 1.226500000000000000e+04 5.000080000000000000e+05
1.302000000000000000e+03 1.161200000000000000e+04 5.000080000000000000e+05
1.304000000000000000e+03 1.164700000000000000e+04 5.000120000000000000e+05
1.306000000000000000e+03 1.097400000000000000e+04 5.000120000000000000e+05
1.308000000000000000e+03 1.106600000000000000e+04 5.000080000000000000e+05
1.310000000000000000e+03 1.157000000000000000e+04 5.000080000000000000e+05
1.312000000000000000e+03 1.072500000000000000e+04 5.000120000000000000e+05
1.314000000000000000e+03 1.035900000000000000e+04 5.000080000000000000e+05
1.316000000000000000e+03 1.122300000000000000e+04 5.000080000000000000e+05
1.318000000000000000e+03 1.158300000000000000e+04 5.000080000000000000e+05
1.320000000000000000e+03 1.108500000000000000e+04 5.000120000000000000e+05
1.322000000000000000e+03 1.060400000000000000e+04 5.000120000000000000e+05
1.324000000000000000e+03 1.082700000000000000e+04 5.000120000000000000e+05
1.326000000000000000e+03 1.135500000000000000e+04 5.000120000000000000e+05
1.328000000000000000e+03 1.141700000000000000e+04 5.000080000000000000e+05
1.330000000000000000e+03 1.076500000000000000e+04 5.000080000000000000e+05
1.332000000000000000e+03 1.053300000000000000e+04 5.000080000000000000e+05
1.334000000000000000e+03 1.040900000000000000e+04 5.000120000000000000e+05
1.336000000000000000e+03 9.498000000000000000e+03 5.000080000000000000e+05
1.338000000000000000e+03 1.061700000000000000e+04 5.000120000000000000e+05
1.340000000000000000e+03 1.179800000000000000e+04 5.000120000000000000e+05
1.342000000000000000e+03 1.223600000000000000e+04 5.000080000000000000e+05
1.344000000000000000e+03 1.083200000000000000e+04 5.000080000000000000e+05
1.346000000000000000e+03 1.055600000000000000e+04 5.000080000000000000e+05
1.348000000000000000e+03 1.055400000000000000e+04 5.000080000000000000e+05
1.350000000000000000e+03 1.056800000000000000e+04 5.000120000000000000e+05
1.352000000000000000e+03 1.093500000000000000e+04 5.000080000000000000e+05
1.354000000000000000e+03 1.146000000000000000e+04 5.000120000000000000e+05
1.356000000000000000e+03 1.145400000000000000e+04 5.000080000000000000e+05
1.358000000000000000e+03 1.158800000000000000e+04 5.000120000000000000e+05
1.360000000000000000e+03 1.173900000000000000e+04 5.000080000000000000e+05
1.362000000000000000e+03 1.113000000000000000e+04 5.000080000000000000e+05
1.364000000000000000e+03 1.131800000000000000e+04 5.000080000000000000e+05
1.366000000000000000e+03 1.116200000000000000e+04 5.000120000000000000e+05
1.368000000000000000e+03 1.150700000000000000e+04 5.000120000000000000e+05
1.370000000000000000e+03 1.146400000000000000e+04 5.000080000000000000e+05
1.372000000000000000e+03 1.128400000000000000e+04 5.000120000000000000e+05
1.374000000000000000e+03 1.158500000000000000e+04 5.000120000000000000e+05
1.376000000000000000e+03 1.157200000000000000e+04 5.000080000000000000e+05
1.378000000000000000e+03 1.175700000000000000e+04 5.000080000000000000e+05
1.380000000000000000e+03 1.195900000000000000e+04 5.000080000000000000e+05
1.382000000000000000e+03 1.162000000000000000e+04 5.000120000000000000e+05
1.384000000000000000e+03 1.129300000000000000e+04 5.000080000000000000e+05
1.386000000000000000e+03 1.198700000000000000e+04 5.000080000000000000e+05
1.388000000000000000e+03 1.127100000000000000e+04 5.000120000000000000e+05
1.390000000000000000e+03 1.095100000000000000e+04 5.000080000000000000e+05
1.392000000000000000e+03 1.146600000000000000e+04 5.000120000000000000e+05
1.394000000000000000e+03 1.207100000000000000e+04 5.000080000000000000e+05
1.396000000000000000e+03 1.188300000000000000e+04 5.000120000000000000e+05
1.398000000000000000e+03 1.172200000000000000e+04 5.000080000000000000e+05
1.400000000000000000e+03 1.150500000000000000e+04 5.000120000000000000e+05
1.402000000000000000e+03 1.122900000000000000e+04 5.000120000000000000e+05
1.404000000000000000e+03 1.139400000000000000e+04 5.000080000000000000e+05
1.406000000000000000e+03 1.100300000000000000e+04 5.000120000000000000e+05
1.408000000000000000e+03 1.089900000000000000e+04 5.000080000000000000e+05
1.410000000000000000e+03 1.082100000000000000e+04 5.000080000000000000e+05
1.412000000000000000e+03 1.066800000000000000e+04 5.000080000000000000e+05
1.414000000000000000e+03 1.075800000000000000e+04 5.000080000000000000e+05
1.416000000000000000e+03 1.085500000000000000e+04 5.000120000000000000e+05
1.418000000000000000e+03 1.024400000000000000e+04 5.000080000000000000e+05
1.420000000000000000e+03 1.032000000000000000e+04 5.000080000000000000e+05
1.422000000000000000e+03 1.055500000000000000e+04 5.000120000000000000e+05
1.424000000000000000e+03 1.017400000000000000e+04 5.000120000000000000e+05
1.426000000000000000e+03 1.042400000000000000e+04 5.000080000000000000e+05
1.428000000000000000e+03 1.074800000000000000e+04 5.000120000000000000e+05
1.430000000000000000e+03 1.100900000000000000e+04 5.000080000000000000e+05
1.432000000000000000e+03 1.114100000000000000e+04 5.000120000000000000e+05
1.434000000000000000e+03 1.061900000000000000e+04 5.000120000000000000e+05
1.436000000000000000e+03 1.130600000000000000e+04 5.000080000000000000e+05
1.438000000000000000e+03 1.100500000000000000e+04 5.000080000000000000e+05
1.440000000000000000e+03 1.094800000000000000e+04 5.000120000000000000e+05
1.442000000000000000e+03 1.071000000000000000e+04 5.000080000000000000e+05
1.444000000000000000e+03 1.079000000000000000e+04 5.000080000000000000e+05
1.446000000000000000e+03 1.047600000000000000e+04 5.000080000000000000e+05
1.448000000000000000e+03 1.055600000000000000e+04 5.000080000000000000e+05
1.450000000000000000e+03 1.064200000000000000e+04 5.000120000000000000e+05
1.452000000000000000e+03 1.040600000000000000e+04 5.000120000000000000e+05
1.454000000000000000e+03 1.065400000000000000e+04 5.000120000000000000e+05
1.456000000000000000e+03 1.082000000000000000e+04 5.000120000000000000e+05
1.458000000000000000e+03 1.037600000000000000e+04 5.000080000000000000e+05
1.460000000000000000e+03 9.884000000000000000e+03 5.000120000000000000e+05
1.462000000000000000e+03 9.910000000000000000e+03 5.000120000000000000e+05
1.464000000000000000e+03 1.016000000000000000e+04 5.000080000000000000e+05
1.466000000000000000e+03 9.480000000000000000e+03 5.000120000000000000e+05
1.468000000000000000e+03 8.851000000000000000e+03 5.000120000000000000e+05
1.470000000000000000e+03 8.782000000000000000e+03 5.000080000000000000e+05
1.472000000000000000e+03 8.618000000000000000e+03 5.000080000000000000e+05
1.474000000000000000e+03 8.344000000000000000e+03 5.000080000000000000e+05
1.476000000000000000e+03 8.401000000000000000e+03 5.000080000000000000e+05
1.478000000000000000e+03 7.859000000000000000e+03 5.000120000000000000e+05
1.480000000000000000e+03 8.016000000000000000e+03 5.000120000000000000e+05
1.482000000000000000e+03 8.297000000000000000e+03 5.000080000000000000e+05
1.484000000000000000e+03 8.335000000000000000e+03 5.000120000000000000e+05
1.486000000000000000e+03 8.032000000000000000e+03 5.000080000000000000e+05
1.488000000000000000e+03 7.903000000000000000e+03 5.000160000000000000e+05
1.490000000000000000e+03 7.586000000000000000e+03 5.000080000000000000e+05
1.492000000000000000e+03 7.680000000000000000e+03 5.000080000000000000e+05
1.494000000000000000e+03 7.706000000000000000e+03 5.000080000000000000e+05
1.496000000000000000e+03 7.318000000000000000e+03 5.000080000000000000e+05
1.498000000000000000e+03 7.308000000000000000e+03 5.000160000000000000e+05
1.500000000000000000e+03 7.054000000000000000e+03 5.000120000000000000e+05
1.502000000000000000e+03 6.932000000000000000e+03 5.000120000000000000e+05
1.504000000000000000e+03 6.674000000000000000e+03 5.000080000000000000e+05
1.506000000000000000e+03 6.227000000000000000e+03 5.000080000000000000e+05
1.508000000000000000e+03 6.392000000000000000e+03 5.000120000000000000e+05
1.510000000000000000e+03 6.647000000000000000e+03 5.000120000000000000e+05
1.512000000000000000e+03 6.539000000000000000e+03 5.000120000000000000e+05
1.514000000000000000e+03 6.219000000000000000e+03 5.000120000000000000e+05
1.516000000000000000e+03 6.288000000000000000e+03 5.000120000000000000e+05
1.518000000000000000e+03 6.335000000000000000e+03 5.000080000000000000e+05
1.520000000000000000e+03 6.153000000000000000e+03 5.000080000000000000e+05
1.522000000000000000e+03 6.259000000000000000e+03 5.000120000000000000e+05
1.524000000000000000e+03 6.035000000000000000e+03 5.000120000000000000e+05
1.526000000000000000e+03 5.864000000000000000e+03 5.000120000000000000e+05
1.528000000000000000e+03 5.873000000000000000e+03 5.000080000000000000e+05
1.530000000000000000e+03 5.741000000000000000e+03 5.000120000000000000e+05
1.532000000000000000e+03 5.622000000000000000e+03 5.000080000000000000e+05
1.534000000000000000e+03 5.697000000000000000e+03 5.000120000000000000e+05
1.536000000000000000e+03 5.522000000000000000e+03 5.000120000000000000e+05
1.538000000000000000e+03 5.484000000000000000e+03 5.000080000000000000e+05
1.540000000000000000e+03 5.160000000000000000e+03 5.000080000000000000e+05
1.542000000000000000e+03 5.328000000000000000e+03 5.000120000000000000e+05
1.544000000000000000e+03 5.075000000000000000e+03 5.000120000000000000e+05
1.546000000000000000e+03 4.999000000000000000e+03 5.000120000000000000e+05
1.548000000000000000e+03 5.049000000000000000e+03 5.000120000000000000e+05
1.550000000000000000e+03 5.339000000000000000e+03 5.000120000000000000e+05
1.552000000000000000e+03 4.979000000000000000e+03 5.000120000000000000e+05
1.554000000000000000e+03 4.965000000000000000e+03 5.000080000000000000e+05
1.556000000000000000e+03 4.830000000000000000e+03 5.000080000000000000e+05
1.558000000000000000e+03 4.855000000000000000e+03 5.000120000000000000e+05
1.560000000000000000e+03 4.862000000000000000e+03 5.000120000000000000e+05
1.562000000000000000e+03 4.845000000000000000e+03 5.000080000000000000e+05
1.564000000000000000e+03 4.914000000000000000e+03 5.000120000000000000e+05
1.566000000000000000e+03 4.811000000000000000e+03 5.000120000000000000e+05
1.568000000000000000e+03 4.806000000000000000e+03 5.000120000000000000e+05
1.570000000000000000e+03 4.558000000000000000e+03 5.000080000000000000e+05
1.572000000000000000e+03 4.696000000000000000e+03 5.000080000000000000e+05
1.574000000000000000e+03 4.692000000000000000e+03 5.000080000000000000e+05
1.576000000000000000e+03 4.580000000000000000e+03 5.000080000000000000e+05
1.578000000000000000e+03 4.399000000000000000e+03 5.000120000000000000e+05
1.580000000000000000e+03 4.477000000000000000e+03 5.000120000000000000e+05
1.582000000000000000e+03 4.638000000000000000e+03 5.000120000000000000e+05
1.584000000000000000e+03 4.597000000000000000e+03 5.000120000000000000e+05
1.586000000000000000e+03 4.531000000000000000e+03 5.000120000000000000e+05
1.588000000000000000e+03 4.211000000000000000e+03 5.000120000000000000e+05
1.590000000000000000e+03 4.180000000000000000e+03 5.000120000000000000e+05
1.592000000000000000e+03 4.119000000000000000e+03 5.000080000000000000e+05
1.594000000000000000e+03 4.139000000000000000e+03 5.000080000000000000e+05
1.596000000000000000e+03 4.146000000000000000e+03 5.000080000000000000e+05
1.598000000000000000e+03 4.069000000000000000e+03 5.000080000000000000e+05
1.600000000000000000e+03 4.028000000000000000e+03 5.000120000000000000e+05
1.602000000000000000e+03 4.029000000000000000e+03 5.000120000000000000e+05
1.604000000000000000e+03 3.851000000000000000e+03 5.000120000000000000e+05
1.606000000000000000e+03 3.964000000000000000e+03 5.000120000000000000e+05
1.608000000000000000e+03 4.166000000000000000e+03 5.000080000000000000e+05
1.610000000000000000e+03 3.909000000000000000e+03 5.000120000000000000e+05
1.612000000000000000e+03 3.928000000000000000e+03 5.000080000000000000e+05
1.614000000000000000e+03 4.042000000000000000e+03 5.000120000000000000e+05
1.616000000000000000e+03 3.956000000000000000e+03 5.000080000000000000e+05
1.618000000000000000e+03 4.027000000000000000e+03 5.000080000000000000e+05
1.620000000000000000e+03 4.022000000000000000e+03 5.000080000000000000e+05
1.622000000000000000e+03 4.130000000000000000e+03 5.000080000000000000e+05
1.624000000000000000e+03 4.151000000000000000e+03 5.000120000000000000e+05
1.626000000000000000e+03 4.005000000000000000e+03 5.000080000000000000e+05
1.628000000000000000e+03 4.059000000000000000e+03 5.000080000000000000e+05
1.630000000000000000e+03 4.175000000000000000e+03 5.000120000000000000e+05
1.632000000000000000e+03 4.025000000000000000e+03 5.000120000000000000e+05
1.634000000000000000e+03 4.015000000000000000e+03 5.000080000000000000e+05
1.636000000000000000e+03 3.997000000000000000e+03 5.000120000000000000e+05
1.638000000000000000e+03 3.893000000000000000e+03 5.000080000000000000e+05
1.640000000000000000e+03 3.932000000000000000e+03 5.000080000000000000e+05
1.642000000000000000e+03 3.983000000000000000e+03 5.000120000000000000e+05
1.644000000000000000e+03 3.969000000000000000e+03 5.000080000000000000e+05
1.646000000000000000e+03 4.215000000000000000e+03 5.000120000000000000e+05
1.648000000000000000e+03 4.193000000000000000e+03 5.000120000000000000e+05
1.650000000000000000e+03 4.299000000000000000e+03 5.000080000000000000e+05
1.652000000000000000e+03 4.160000000000000000e+03 5.000120000000000000e+05
1.654000000000000000e+03 4.260000000000000000e+03 5.000120000000000000e+05
1.656000000000000000e+03 4.519000000000000000e+03 5.000080000000000000e+05
1.658000000000000000e+03 4.455000000000000000e+03 5.000120000000000000e+05
1.660000000000000000e+03 4.459000000000000000e+03 5.000080000000000000e+05
1.662000000000000000e+03 4.563000000000000000e+03 5.000120000000000000e+05
1.664000000000000000e+03 4.473000000000000000e+03 5.000120000000000000e+05
1.666000000000000000e+03 4.412000000000000000e+03 5.000080000000000000e+05
1.668000000000000000e+03 4.443000000000000000e+03 5.000120000000000000e+05
1.670000000000000000e+03 4.551000000000000000e+03 5.000080000000000000e+05
1.672000000000000000e+03 4.506000000000000000e+03 5.000120000000000000e+05
1.674000000000000000e+03 4.509000000000000000e+03 5.000080000000000000e+05
1.676000000000000000e+03 4.582000000000000000e+03 5.000160000000000000e+05
1.678000000000000000e+03 4.811000000000000000e+03 5.000120000000000000e+05
1.680000000000000000e+03 4.942000000000000000e+03 5.000080000000000000e+05
1.682000000000000000e+03 4.815000000000000000e+03 5.000080000000000000e+05
1.684000000000000000e+03 4.659000000000000000e+03 5.000120000000000000e+05
1.686000000000000000e+03 4.673000000000000000e+03 5.000120000000000000e+05
1.688000000000000000e+03 4.695000000000000000e+03 5.000080000000000000e+05
1.690000000000000000e+03 5.080000000000000000e+03 5.000080000000000000e+05
1.692000000000000000e+03 5.287000000000000000e+03 5.000120000000000000e+05
1.694000000000000000e+03 5.160000000000000000e+03 5.000080000000000000e+05
1.696000000000000000e+03 5.603000000000000000e+03 5.000080000000000000e+05
1.698000000000000000e+03 5.621000000000000000e+03 5.000080000000000000e+05
1.700000000000000000e+03 5.801000000000000000e+03 5.000080000000000000e+05
1.702000000000000000e+03 5.783000000000000000e+03 5.000120000000000000e+05
1.704000000000000000e+03 6.471000000000000000e+03 5.000120000000000000e+05
1.706000000000000000e+03 6.690000000000000000e+03 5.000120000000000000e+05
1.708000000000000000e+03 7.096000000000000000e+03 5.000080000000000000e+05
1.710000000000000000e+03 7.320000000000000000e+03 5.000120000000000000e+05
1.712000000000000000e+03 7.636000000000000000e+03 5.000120000000000000e+05
1.714000000000000000e+03 7.540000000000000000e+03 5.000080000000000000e+05
1.716000000000000000e+03 7.423000000000000000e+03 5.000120000000000000e+05
1.718000000000000000e+03 7.399000000000000000e+03 5.000080000000000000e+05
1.720000000000000000e+03 7.611000000000000000e+03 5.000080000000000000e+05
1.722000000000000000e+03 8.156000000000000000e+03 5.000120000000000000e+05
1.724000000000000000e+03 8.428000000000000000e+03 5.000080000000000000e+05
1.726000000000000000e+03 8.600000000000000000e+03 5.000120000000000000e+05
1.728000000000000000e+03 9.099000000000000000e+03 5.000080000000000000e+05
1.730000000000000000e+03 1.004200000000000000e+04 5.000080000000000000e+05
1.732000000000000000e+03 9.181000000000000000e+03 5.000080000000000000e+05
1.734000000000000000e+03 9.003000000000000000e+03 5.000120000000000000e+05
1.736000000000000000e+03 8.657000000000000000e+03 5.000080000000000000e+05
1.738000000000000000e+03 8.951000000000000000e+03 5.000080000000000000e+05
1.740000000000000000e+03 9.454000000000000000e+03 5.000120000000000000e+05
1.742000000000000000e+03 9.399000000000000000e+03 5.000080000000000000e+05
1.744000000000000000e+03 9.643000000000000000e+03 5.000080000000000000e+05
1.746000000000000000e+03 9.034000000000000000e+03 5.000080000000000000e+05
1.748000000000000000e+03 8.567000000000000000e+03 5.000080000000000000e+05
1.750000000000000000e+03 8.381000000000000000e+03 5.000120000000000000e+05
1.752000000000000000e+03 8.255000000000000000e+03 5.000080000000000000e+05
1.754000000000000000e+03 8.835000000000000000e+03 5.000080000000000000e+05
1.756000000000000000e+03 9.006000000000000000e+03 5.000120000000000000e+05
1.758000000000000000e+03 9.229000000000000000e+03 5.000080000000000000e+05
1.760000000000000000e+03 9.327000000000000000e+03 5.000120000000000000e+05
1.762000000000000000e+03 9.277000000000000000e+03 5.000120000000000000e+05
1.764000000000000000e+03 1.043600000000000000e+04 5.000120000000000000e+05
1.766000000000000000e+03 1.059400000000000000e+04 5.000120000000000000e+05
1.768000000000000000e+03 1.066700000000000000e+04 5.000080000000000000e+05
1.770000000000000000e+03 1.038900000000000000e+04 5.000120000000000000e+05
1.772000000000000000e+03 1.073300000000000000e+04 5.000120000000000000e+05
1.774000000000000000e+03 1.013500000000000000e+04 5.000080000000000000e+05
1.776000000000000000e+03 1.016600000000000000e+04 5.000080000000000000e+05
1.778000000000000000e+03 1.021800000000000000e+04 5.000080000000000000e+05
1.780000000000000000e+03 9.994000000000000000e+03 5.000120000000000000e+05
1.782000000000000000e+03 1.052700000000000000e+04 5.000080000000000000e+05
1.784000000000000000e+03 9.875000000000000000e+03 5.000120000000000000e+05
1.786000000000000000e+03 9.881000000000000000e+03 5.000080000000000000e+05
1.788000000000000000e+03 9.439000000000000000e+03 5.000080000000000000e+05
1.790000000000000000e+03 9.412000000000000000e+03 5.000080000000000000e+05
1.792000000000000000e+03 9.107000000000000000e+03 5.000080000000000000e+05
1.794000000000000000e+03 9.365000000000000000e+03 5.000120000000000000e+05
1.796000000000000000e+03 9.010000000000000000e+03 5.000120000000000000e+05
1.798000000000000000e+03 9.359000000000000000e+03 5.000080000000000000e+05
1.800000000000000000e+03 9.233000000000000000e+03 5.000080000000000000e+05
1.802000000000000000e+03 9.011000000000000000e+03 5.000120000000000000e+05
1.804000000000000000e+03 8.457000000000000000e+03 5.000120000000000000e+05
1.806000000000000000e+03 8.545000000000000000e+03 5.000120000000000000e+05
1.808000000000000000e+03 8.207000000000000000e+03 5.000080000000000000e+05
1.810000000000000000e+03 8.497000000000000000e+03 5.000080000000000000e+05
1.812000000000000000e+03 9.443000000000000000e+03 5.000080000000000000e+05
1.814000000000000000e+03 9.966000000000000000e+03 5.000120000000000000e+05
1.816000000000000000e+03 1.076100000000000000e+04 5.000080000000000000e+05
1.818000000000000000e+03 1.031700000000000000e+04 5.000120000000000000e+05
1.820000000000000000e+03 1.001700000000000000e+04 5.000080000000000000e+05
1.822000000000000000e+03 9.988000000000000000e+03 5.000080000000000000e+05
1.824000000000000000e+03 1.050600000000000000e+04 5.000080000000000000e+05
1.826000000000000000e+03 8.893000000000000000e+03 5.000080000000000000e+05
1.828000000000000000e+03 8.893000000000000000e+03 5.000120000000000000e+05
1.830000000000000000e+03 8.901000000000000000e+03 5.000080000000000000e+05
1.832000000000000000e+03 9.760000000000000000e+03 5.000120000000000000e+05
1.834000000000000000e+03 9.418000000000000000e+03 5.000120000000000000e+05
1.836000000000000000e+03 9.343000000000000000e+03 5.000080000000000000e+05
1.838000000000000000e+03 9.094000000000000000e+03 5.000120000000000000e+05
1.840000000000000000e+03 9.098000000000000000e+03 5.000080000000000000e+05
1.842000000000000000e+03 9.108000000000000000e+03 5.000080000000000000e+05
1.844000000000000000e+03 8.801000000000000000e+03 5.000120000000000000e+05
1.846000000000000000e+03 8.683000000000000000e+03 5.000080000000000000e+05
1.848000000000000000e+03 8.902000000000000000e+03 5.000080000000000000e+05
1.850000000000000000e+03 8.337000000000000000e+03 5.000120000000000000e+05
1.852000000000000000e+03 8.164000000000000000e+03 5.000120000000000000e+05
1.854000000000000000e+03 8.030000000000000000e+03 5.000080000000000000e+05
1.856000000000000000e+03 7.939000000000000000e+03 5.000120000000000000e+05
1.858000000000000000e+03 7.925000000000000000e+03 5.000120000000000000e+05
1.860000000000000000e+03 8.056000000000000000e+03 5.000120000000000000e+05
1.862000000000000000e+03 8.161000000000000000e+03 5.000080000000000000e+05
1.864000000000000000e+03 8.574000000000000000e+03 5.000120000000000000e+05
1.866000000000000000e+03 8.454000000000000000e+03 5.000120000000000000e+05
1.868000000000000000e+03 9.121000000000000000e+03 5.000080000000000000e+05
1.870000000000000000e+03 9.379000000000000000e+03 5.000080000000000000e+05
1.872000000000000000e+03 9.119000000000000000e+03 5.000120000000000000e+05
1.874000000000000000e+03 9.007000000000000000e+03 5.000080000000000000e+05
1.876000000000000000e+03 9.221000000000000000e+03 5.000080000000000000e+05
1.878000000000000000e+03 8.844000000000000000e+03 5.000160000000000000e+05
1.880000000000000000e+03 8.923000000000000000e+03 5.000080000000000000e+05
1.882000000000000000e+03 9.205000000000000000e+03 5.000080000000000000e+05
1.884000000000000000e+03 9.112000000000000000e+03 5.000120000000000000e+05
1.886000000000000000e+03 9.131000000000000000e+03 5.000080000000000000e+05
1.888000000000000000e+03 8.737000000000000000e+03 5.000120000000000000e+05
1.890000000000000000e+03 7.884000000000000000e+03 5.000080000000000000e+05
1.892000000000000000e+03 8.105000000000000000e+03 5.000120000000000000e+05
1.894000000000000000e+03 8.661000000000000000e+03 5.000080000000000000e+05
1.896000000000000000e+03 8.663000000000000000e+03 5.000080000000000000e+05
1.898000000000000000e+03 9.012000000000000000e+03 5.000080000000000000e+05
1.900000000000000000e+03 8.693000000000000000e+03 5.000120000000000000e+05
1.902000000000000000e+03 8.697000000000000000e+03 5.000080000000000000e+05
1.904000000000000000e+03 8.174000000000000000e+03 5.000080000000000000e+05
1.906000000000000000e+03 7.769000000000000000e+03 5.000120000000000000e+05
1.908000000000000000e+03 7.719000000000000000e+03 5.000120000000000000e+05
1.910000000000000000e+03 7.713000000000000000e+03 5.000120000000000000e+05
1.912000000000000000e+03 7.812000000000000000e+03 5.000080000000000000e+05
1.914000000000000000e+03 7.706000000000000000e+03 5.000080000000000000e+05
1.916000000000000000e+03 8.086000000000000000e+03 5.000080000000000000e+05
1.918000000000000000e+03 7.290000000000000000e+03 5.000120000000000000e+05
1.920000000000000000e+03 6.964000000000000000e+03 5.000080000000000000e+05
1.922000000000000000e+03 6.732000000000000000e+03 5.000080000000000000e+05
1.924000000000000000e+03 6.593000000000000000e+03 5.000120000000000000e+05
1.926000000000000000e+03 6.720000000000000000e+03 5.000120000000000000e+05
1.928000000000000000e+03 6.790000000000000000e+03 5.000120000000000000e+05
1.930000000000000000e+03 6.535000000000000000e+03 5.000080000000000000e+05
1.932000000000000000e+03 6.351000000000000000e+03 5.000080000000000000e+05
1.934000000000000000e+03 6.407000000000000000e+03 5.000120000000000000e+05
1.936000000000000000e+03 6.151000000000000000e+03 5.000120000000000000e+05
1.938000000000000000e+03 6.421000000000000000e+03 5.000080000000000000e+05
1.940000000000000000e+03 6.241000000000000000e+03 5.000080000000000000e+05
1.942000000000000000e+03 6.135000000000000000e+03 5.000120000000000000e+05
1.944000000000000000e+03 6.154000000000000000e+03 5.000080000000000000e+05
1.946000000000000000e+03 6.077000000000000000e+03 5.000120000000000000e+05
1.948000000000000000e+03 5.636000000000000000e+03 5.000080000000000000e+05
1.950000000000000000e+03 5.770000000000000000e+03 5.000080000000000000e+05
1.952000000000000000e+03 6.070000000000000000e+03 5.000080000000000000e+05
1.954000000000000000e+03 6.004000000000000000e+03 5.000120000000000000e+05
1.956000000000000000e+03 6.157000000000000000e+03 5.000120000000000000e+05
1.958000000000000000e+03 6.056000000000000000e+03 5.000120000000000000e+05
1.960000000000000000e+03 6.584000000000000000e+03 5.000080000000000000e+05
1.962000000000000000e+03 6.917000000000000000e+03 5.000080000000000000e+05
1.964000000000000000e+03 6.971000000000000000e+03 5.000120000000000000e+05
1.966000000000000000e+03 6.794000000000000000e+03 5.000160000000000000e+05
1.968000000000000000e+03 6.203000000000000000e+03 5.000080000000000000e+05
1.970000000000000000e+03 5.639000000000000000e+03 5.000080000000000000e+05
1.972000000000000000e+03 5.531000000000000000e+03 5.000120000000000000e+05
1.974000000000000000e+03 5.443000000000000000e+03 5.000080000000000000e+05
1.976000000000000000e+03 5.741000000000000000e+03 5.000120000000000000e+05
1.978000000000000000e+03 5.700000000000000000e+03 5.000080000000000000e+05
1.980000000000000000e+03 5.633000000000000000e+03 5.000120000000000000e+05
1.982000000000000000e+03 5.745000000000000000e+03 5.000120000000000000e+05
1.984000000000000000e+03 5.798000000000000000e+03 5.000120000000000000e+05
1.986000000000000000e+03 5.819000000000000000e+03 5.000120000000000000e+05
1.988000000000000000e+03 5.623000000000000000e+03 5.000080000000000000e+05
1.990000000000000000e+03 5.612000000000000000e+03 5.000080000000000000e+05
1.992000000000000000e+03 6.091000000000000000e+03 5.000080000000000000e+05
1.994000000000000000e+03 6.197000000000000000e+03 5.000080000000000000e+05
1.996000000000000000e+03 5.794000000000000000e+03 5.000120000000000000e+05
1.998000000000000000e+03 5.295000000000000000e+03 5.000120000000000000e+05
2.000000000000000000e+03 5.460000000000000000e+03 5.000080000000000000e+05
2.002000000000000000e+03 4.757000000000000000e+03 5.000120000000000000e+05
2.004000000000000000e+03 5.094000000000000000e+03 5.000120000000000000e+05
2.006000000000000000e+03 5.293000000000000000e+03 5.000120000000000000e+05
2.008000000000000000e+03 5.035000000000000000e+03 5.000120000000000000e+05
2.010000000000000000e+03 4.979000000000000000e+03 5.000080000000000000e+05
2.012000000000000000e+03 5.140000000000000000e+03 5.000080000000000000e+05
2.014000000000000000e+03 4.550000000000000000e+03 5.000080000000000000e+05
2.016000000000000000e+03 5.014000000000000000e+03 5.000120000000000000e+05
2.018000000000000000e+03 4.901000000000000000e+03 5.000080000000000000e+05
2.020000000000000000e+03 4.513000000000000000e+03 5.000120000000000000e+05
2.022000000000000000e+03 4.678000000000000000e+03 5.000120000000000000e+05
2.024000000000000000e+03 5.177000000000000000e+03 5.000080000000000000e+05
2.026000000000000000e+03 4.535000000000000000e+03 5.000080000000000000e+05
2.028000000000000000e+03 4.177000000000000000e+03 5.000080000000000000e+05
2.030000000000000000e+03 4.177000000000000000e+03 5.000120000000000000e+05
2.032000000000000000e+03 4.506000000000000000e+03 5.000120000000000000e+05
2.034000000000000000e+03 4.057000000000000000e+03 5.000120000000000000e+05
2.036000000000000000e+03 4.426000000000000000e+03 5.000080000000000000e+05
2.038000000000000000e+03 4.515000000000000000e+03 5.000120000000000000e+05
2.040000000000000000e+03 4.670000000000000000e+03 5.000120000000000000e+05
2.042000000000000000e+03 4.732000000000000000e+03 5.000120000000000000e+05
2.044000000000000000e+03 4.433000000000000000e+03 5.000120000000000000e+05
2.046000000000000000e+03 4.395000000000000000e+03 5.000120000000000000e+05
2.048000000000000000e+03 4.391000000000000000e+03 5.000080000000000000e+05
2.050000000000000000e+03 4.012000000000000000e+03 5.000120000000000000e+05
2.052000000000000000e+03 4.184000000000000000e+03 5.000080000000000000e+05
2.054000000000000000e+03 4.099000000000000000e+03 5.000120000000000000e+05
2.056000000000000000e+03 4.220000000000000000e+03 5.000080000000000000e+05
2.058000000000000000e+03 4.199000000000000000e+03 5.000120000000000000e+05
2.060000000000000000e+03 4.241000000000000000e+03 5.000080000000000000e+05
2.062000000000000000e+03 4.197000000000000000e+03 5.000120000000000000e+05
2.064000000000000000e+03 3.969000000000000000e+03 5.000160000000000000e+05
2.066000000000000000e+03 3.874000000000000000e+03 5.000120000000000000e+05
2.068000000000000000e+03 3.874000000000000000e+03 5.000080000000000000e+05
2.070000000000000000e+03 4.061000000000000000e+03 5.000120000000000000e+05
2.072000000000000000e+03 4.024000000000000000e+03 5.000120000000000000e+05
2.074000000000000000e+03 4.052000000000000000e+03 5.000080000000000000e+05
2.076000000000000000e+03 4.136000000000000000e+03 5.000120000000000000e+05
2.078000000000000000e+03 4.107000000000000000e+03 5.000080000000000000e+05
2.080000000000000000e+03 4.006000000000000000e+03 5.000120000000000000e+05
2.082000000000000000e+03 4.132000000000000000e+03 5.000080000000000000e+05
2.084000000000000000e+03 4.163000000000000000e+03 5.000120000000000000e+05
2.086000000000000000e+03 4.291000000000000000e+03 5.000080000000000000e+05
2.088000000000000000e+03 4.437000000000000000e+03 5.000120000000000000e+05
2.090000000000000000e+03 4.767000000000000000e+03 5.000080000000000000e+05
2.092000000000000000e+03 4.579000000000000000e+03 5.000080000000000000e+05
2.094000000000000000e+03 4.260000000000000000e+03 5.000080000000000000e+05
2.096000000000000000e+03 4.511000000000000000e+03 5.000120000000000000e+05
2.098000000000000000e+03 5.053000000000000000e+03 5.000080000000000000e+05
2.100000000000000000e+03 5.619000000000000000e+03 5.000120000000000000e+05
2.102000000000000000e+03 5.569000000000000000e+03 5.000120000000000000e+05
2.104000000000000000e+03 5.471000000000000000e+03 5.000120000000000000e+05
2.106000000000000000e+03 5.525000000000000000e+03 5.000120000000000000e+05
2.108000000000000000e+03 5.512000000000000000e+03 5.000080000000000000e+05
2.110000000000000000e+03 5.789000000000000000e+03 5.000080000000000000e+05
2.112000000000000000e+03 5.615000000000000000e+03 5.000120000000000000e+05
2.114000000000000000e+03 6.308000000000000000e+03 5.000120000000000000e+05
2.116000000000000000e+03 6.119000000000000000e+03 5.000120000000000000e+05
2.118000000000000000e+03 6.175000000000000000e+03 5.000120000000000000e+05
2.120000000000000000e+03 6.380000000000000000e+03 5.000120000000000000e+05
2.122000000000000000e+03 6.463000000000000000e+03 5.000120000000000000e+05
2.124000000000000000e+03 6.288000000000000000e+03 5.000120000000000000e+05
2.126000000000000000e+03 6.934000000000000000e+03 5.000080000000000000e+05
2.128000000000000000e+03 8.307000000000000000e+03 5.000080000000000000e+05
2.130000000000000000e+03 8.968000000000000000e+03 5.000080000000000000e+05
2.132000000000000000e+03 9.359000000000000000e+03 5.000120000000000000e+05
2.134000000000000000e+03 9.135000000000000000e+03 5.000080000000000000e+05
2.136000000000000000e+03 9.611000000000000000e+03 5.000080000000000000e+05
2.138000000000000000e+03 1.049300000000000000e+04 5.000120000000000000e+05
2.140000000000000000e+03 1.203800000000000000e+04 5.000120000000000000e+05
2.142000000000000000e+03 1.225600000000000000e+04 5.000120000000000000e+05
2.144000000000000000e+03 1.267300000000000000e+04 5.000080000000000000e+05
2.146000000000000000e+03 1.375800000000000000e+04 5.000120000000000000e+05
2.148000000000000000e+03 1.307100000000000000e+04 5.000120000000000000e+05
2.150000000000000000e+03 1.349700000000000000e+04 5.000120000000000000e+05
2.152000000000000000e+03 1.309000000000000000e+04 5.000080000000000000e+05
2.154000000000000000e+03 1.285800000000000000e+04 5.000120000000000000e+05
2.156000000000000000e+03 1.254400000000000000e+04 5.000080000000000000e+05
2.158000000000000000e+03 1.269900000000000000e+04 5.000120000000000000e+05
2.160000000000000000e+03 1.342000000000000000e+04 5.000080000000000000e+05
2.162000000000000000e+03 1.371300000000000000e+04 5.000080000000000000e+05
2.164000000000000000e+03 1.387800000000000000e+04 5.000080000000000000e+05
2.166000000000000000e+03 1.407200000000000000e+04 5.000120000000000000e+05
2.168000000000000000e+03 1.717800000000000000e+04 5.000080000000000000e+05
2.170000000000000000e+03 1.622100000000000000e+04 5.000080000000000000e+05
2.172000000000000000e+03 1.595800000000000000e+04 5.000080000000000000e+05
2.174000000000000000e+03 1.551100000000000000e+04 5.000080000000000000e+05
2.176000000000000000e+03 1.479800000000000000e+04 5.000120000000000000e+05
2.178000000000000000e+03 1.700700000000000000e+04 5.000080000000000000e+05
2.180000000000000000e+03 1.899700000000000000e+04 5.000120000000000000e+05
2.182000000000000000e+03 1.972900000000000000e+04 5.000120000000000000e+05
2.184000000000000000e+03 2.247600000000000000e+04 5.000080000000000000e+05
2.186000000000000000e+03 2.040600000000000000e+04 5.000120000000000000e+05
2.188000000000000000e+03 2.068500000000000000e+04 5.000080000000000000e+05
2.190000000000000000e+03 2.111900000000000000e+04 5.000080000000000000e+05
2.192000000000000000e+03 1.993700000000000000e+04 5.000120000000000000e+05
2.194000000000000000e+03 1.996200000000000000e+04 5.000120000000000000e+05
2.196000000000000000e+03 1.990400000000000000e+04 5.000120000000000000e+05
2.198000000000000000e+03 1.869800000000000000e+04 5.000120000000000000e+05
2.200000000000000000e+03 1.856700000000000000e+04 5.000080000000000000e+05
2.202000000000000000e+03 1.604500000000000000e+04 5.000080000000000000e+05
2.204000000000000000e+03 1.739300000000000000e+04 5.000120000000000000e+05
2.206000000000000000e+03 1.790500000000000000e+04 5.000080000000000000e+05
2.208000000000000000e+03 1.667300000000000000e+04 5.000080000000000000e+05
2.210000000000000000e+03 1.717600000000000000e+04 5.000080000000000000e+05
2.212000000000000000e+03 1.721100000000000000e+04 5.000120000000000000e+05
2.214000000000000000e+03 1.703200000000000000e+04 5.000080000000000000e+05
2.216000000000000000e+03 1.849600000000000000e+04 5.000080000000000000e+05
2.218000000000000000e+03 2.080500000000000000e+04 5.000080000000000000e+05
2.220000000000000000e+03 2.045800000000000000e+04 5.000160000000000000e+05
2.222000000000000000e+03 2.019400000000000000e+04 5.000080000000000000e+05
2.224000000000000000e+03 1.888300000000000000e+04 5.000080000000000000e+05
2.226000000000000000e+03 1.888800000000000000e+04 5.000120000000000000e+05
2.228000000000000000e+03 1.879900000000000000e+04 5.000120000000000000e+05
2.230000000000000000e+03 1.947600000000000000e+04 5.000080000000000000e+05
2.232000000000000000e+03 1.943400000000000000e+04 5.000080000000000000e+05
2.234000000000000000e+03 1.984700000000000000e+04 5.000080000000000000e+05
2.236000000000000000e+03 2.074300000000000000e+04 5.000080000000000000e+05
2.238000000000000000e+03 2.211300000000000000e+04 5.000120000000000000e+05
2.240000000000000000e+03 2.041600000000000000e+04 5.000120000000000000e+05
2.242000000000000000e+03 1.687600000000000000e+04 5.000120000000000000e+05
2.244000000000000000e+03 1.870400000000000000e+04 5.000080000000000000e+05
2.246000000000000000e+03 1.972100000000000000e+04 5.000120000000000000e+05
2.248000000000000000e+03 2.291600000000000000e+04 5.000120000000000000e+05
2.250000000000000000e+03 2.288200000000000000e+04 5.000080000000000000e+05
2.252000000000000000e+03 2.225700000000000000e+04 5.000120000000000000e+05
2.254000000000000000e+03 2.585100000000000000e+04 5.000120000000000000e+05
2.256000000000000000e+03 2.246500000000000000e+04 5.000080000000000000e+05
2.258000000000000000e+03 1.522300000000000000e+04 5.000120000000000000e+05
2.260000000000000000e+03 1.836000000000000000e+04 5.000080000000000000e+05
2.262000000000000000e+03 2.562900000000000000e+04 5.000080000000000000e+05
2.264000000000000000e+03 2.247600000000000000e+04 5.000080000000000000e+05
2.266000000000000000e+03 2.120000000000000000e+04 5.000120000000000000e+05
2.268000000000000000e+03 2.135500000000000000e+04 5.000120000000000000e+05
2.270000000000000000e+03 2.327300000000000000e+04 5.000080000000000000e+05
2.272000000000000000e+03 2.286100000000000000e+04 5.000120000000000000e+05
2.274000000000000000e+03 2.224100000000000000e+04 5.000080000000000000e+05
2.276000000000000000e+03 2.405300000000000000e+04 5.000080000000000000e+05
2.278000000000000000e+03 2.501800000000000000e+04 5.000120000000000000e+05
2.280000000000000000e+03 2.273900000000000000e+04 5.000120000000000000e+05
2.282000000000000000e+03 2.190200000000000000e+04 5.000080000000000000e+05
2.284000000000000000e+03 2.267000000000000000e+04 5.000080000000000000e+05
2.286000000000000000e+03 2.528600000000000000e+04 5.000080000000000000e+05
2.288000000000000000e+03 2.496100000000000000e+04 5.000080000000000000e+05
2.290000000000000000e+03 2.737100000000000000e+04 5.000120000000000000e+05
2.292000000000000000e+03 2.741900000000000000e+04 5.000080000000000000e+05
2.294000000000000000e+03 2.669000000000000000e+04 5.000120000000000000e+05
2.296000000000000000e+03 2.297700000000000000e+04 5.000080000000000000e+05
2.298000000000000000e+03 2.600500000000000000e+04 5.000080000000000000e+05
2.300000000000000000e+03 2.404500000000000000e+04 5.000120000000000000e+05
2.302000000000000000e+03 2.144500000000000000e+04 5.000120000000000000e+05
2.304000000000000000e+03 2.165300000000000000e+04 5.000120000000000000e+05
2.306000000000000000e+03 2.392000000000000000e+04 5.000080000000000000e+05
2.308000000000000000e+03 2.353100000000000000e+04 5.000120000000000000e+05
2.310000000000000000e+03 2.376600000000000000e+04 5.000120000000000000e+05
2.312000000000000000e+03 1.918500000000000000e+04 5.000120000000000000e+05
2.314000000000000000e+03 1.887500000000000000e+04 5.000080000000000000e+05
2.316000000000000000e+03 2.065200000000000000e+04 5.000120000000000000e+05
2.318000000000000000e+03 2.133300000000000000e+04 5.000080000000000000e+05
2.320000000000000000e+03 2.093800000000000000e+04 5.000120000000000000e+05
2.322000000000000000e+03 2.003700000000000000e+04 5.000080000000000000e+05
2.324000000000000000e+03 1.940900000000000000e+04 5.000120000000000000e+05
2.326000000000000000e+03 1.956900000000000000e+04 5.000080000000000000e+05
2.328000000000000000e+03 1.947800000000000000e+04 5.000120000000000000e+05
2.330000000000000000e+03 2.036500000000000000e+04 5.000080000000000000e+05
2.332000000000000000e+03 1.821300000000000000e+04 5.000080000000000000e+05
2.334000000000000000e+03 1.761500000000000000e+04 5.000080000000000000e+05
2.336000000000000000e+03 1.667600000000000000e+04 5.000080000000000000e+05
2.338000000000000000e+03 1.501100000000000000e+04 5.000080000000000000e+05
2.340000000000000000e+03 1.539400000000000000e+04 5.000080000000000000e+05
2.342000000000000000e+03 1.633600000000000000e+04 5.000120000000000000e+05
2.344000000000000000e+03 1.652300000000000000e+04 5.000080000000000000e+05
2.346000000000000000e+03 1.736400000000000000e+04 5.000120000000000000e+05
2.348000000000000000e+03 1.721000000000000000e+04 5.000120000000000000e+05
2.350000000000000000e+03 1.706600000000000000e+04 5.000120000000000000e+05
2.352000000000000000e+03 1.621900000000000000e+04 5.000120000000000000e+05
2.354000000000000000e+03 1.556500000000000000e+04 5.000080000000000000e+05
2.356000000000000000e+03 1.519100000000000000e+04 5.000080000000000000e+05
2.358000000000000000e+03 1.472400000000000000e+04 5.000080000000000000e+05
2.360000000000000000e+03 1.426300000000000000e+04 5.000120000000000000e+05
2.362000000000000000e+03 1.437200000000000000e+04 5.000120000000000000e+05
2.364000000000000000e+03 1.457400000000000000e+04 5.000120000000000000e+05
2.366000000000000000e+03 1.465900000000000000e+04 5.000120000000000000e+05
2.368000000000000000e+03 1.486200000000000000e+04 5.000120000000000000e+05
2.370000000000000000e+03 1.522300000000000000e+04 5.000080000000000000e+05
2.372000000000000000e+03 1.377700000000000000e+04 5.000080000000000000e+05
2.374000000000000000e+03 1.303700000000000000e+04 5.000080000000000000e+05
2.376000000000000000e+03 1.264500000000000000e+04 5.000120000000000000e+05
2.378000000000000000e+03 1.276300000000000000e+04 5.000120000000000000e+05
2.380000000000000000e+03 1.238500000000000000e+04 5.000120000000000000e+05
2.382000000000000000e+03 1.159000000000000000e+04 5.000080000000000000e+05
2.384000000000000000e+03 1.265900000000000000e+04 5.000080000000000000e+05
2.386000000000000000e+03 1.362800000000000000e+04 5.000080000000000000e+05
2.388000000000000000e+03 1.443400000000000000e+04 5.000080000000000000e+05
2.390000000000000000e+03 1.364500000000000000e+04 5.000080000000000000e+05
2.392000000000000000e+03 1.238600000000000000e+04 5.000080000000000000e+05
2.394000000000000000e+03 1.232100000000000000e+04 5.000120000000000000e+05
2.396000000000000000e+03 1.300900000000000000e+04 5.000080000000000000e+05
2.398000000000000000e+03 1.274100000000000000e+04 5.000080000000000000e+05
2.400000000000000000e+03 1.143400000000000000e+04 5.000120000000000000e+05
2.402000000000000000e+03 1.257400000000000000e+04 5.000120000000000000e+05
2.404000000000000000e+03 1.117100000000000000e+04 5.000080000000000000e+05
2.406000000000000000e+03 1.121900000000000000e+04 5.000080000000000000e+05
2.408000000000000000e+03 1.051200000000000000e+04 5.000080000000000000e+05
2.410000000000000000e+03 1.077100000000000000e+04 5.000080000000000000e+05
2.412000000000000000e+03 1.018600000000000000e+04 5.000120000000000000e+05
2.414000000000000000e+03 9.938000000000000000e+03 5.000120000000000000e+05
2.416000000000000000e+03 9.956000000000000000e+03 5.000160000000000000e+05
2.418000000000000000e+03 1.020500000000000000e+04 5.000080000000000000e+05
2.420000000000000000e+03 1.035100000000000000e+04 5.000080000000000000e+05
2.422000000000000000e+03 9.882000000000000000e+03 5.000120000000000000e+05
2.424000000000000000e+03 9.819000000000000000e+03 5.000120000000000000e+05
2.426000000000000000e+03 9.824000000000000000e+03 5.000120000000000000e+05
2.428000000000000000e+03 9.622000000000000000e+03 5.000120000000000000e+05
2.430000000000000000e+03 9.574000000000000000e+03 5.000080000000000000e+05
2.432000000000000000e+03 9.276000000000000000e+03 5.000120000000000000e+05
2.434000000000000000e+03 9.392000000000000000e+03 5.000120000000000000e+05
2.436000000000000000e+03 9.619000000000000000e+03 5.000120000000000000e+05
2.438000000000000000e+03 9.791000000000000000e+03 5.000080000000000000e+05
2.440000000000000000e+03 9.507000000000000000e+03 5.000080000000000000e+05
2.442000000000000000e+03 9.416000000000000000e+03 5.000080000000000000e+05
2.444000000000000000e+03 9.416000000000000000e+03 5.000120000000000000e+05
2.446000000000000000e+03 9.192000000000000000e+03 5.000080000000000000e+05
2.448000000000000000e+03 9.011000000000000000e+03 5.000120000000000000e+05
2.450000000000000000e+03 8.933000000000000000e+03 5.000080000000000000e+05
2.452000000000000000e+03 8.920000000000000000e+03 5.000120000000000000e+05
2.454000000000000000e+03 8.625000000000000000e+03 5.000120000000000000e+05
2.456000000000000000e+03 8.670000000000000000e+03 5.000120000000000000e+05
2.458000000000000000e+03 8.635000000000000000e+03 5.000120000000000000e+05
2.460000000000000000e+03 8.443000000000000000e+03 5.000080000000000000e+05
2.462000000000000000e+03 8.461000000000000000e+03 5.000080000000000000e+05
2.464000000000000000e+03 8.338000000000000000e+03 5.000120000000000000e+05
2.466000000000000000e+03 8.178000000000000000e+03 5.000120000000000000e+05
2.468000000000000000e+03 8.074000000000000000e+03 5.000120000000000000e+05
2.470000000000000000e+03 7.966000000000000000e+03 5.000120000000000000e+05
2.472000000000000000e+03 7.998000000000000000e+03 5.000120000000000000e+05
2.474000000000000000e+03 7.638000000000000000e+03 5.000080000000000000e+05
2.476000000000000000e+03 7.630000000000000000e+03 5.000080000000000000e+05
2.478000000000000000e+03 7.502000000000000000e+03 5.000120000000000000e+05
2.480000000000000000e+03 7.369000000000000000e+03 5.000120000000000000e+05
2.482000000000000000e+03 7.345000000000000000e+03 5.000080000000000000e+05
2.484000000000000000e+03 7.349000000000000000e+03 5.000120000000000000e+05
2.486000000000000000e+03 7.209000000000000000e+03 5.000080000000000000e+05
2.488000000000000000e+03 7.268000000000000000e+03 5.000120000000000000e+05
2.490000000000000000e+03 7.323000000000000000e+03 5.000120000000000000e+05
2.492000000000000000e+03 7.181000000000000000e+03 5.000120000000000000e+05
2.494000000000000000e+03 7.188000000000000000e+03 5.000120000000000000e+05
2.496000000000000000e+03 7.186000000000000000e+03 5.000120000000000000e+05
2.498000000000000000e+03 6.992000000000000000e+03 5.000080000000000000e+05
2.500000000000000000e+03 7.200000000000000000e+03 5.000120000000000000e+05
2.502000000000000000e+03 7.099000000000000000e+03 5.000080000000000000e+05
2.504000000000000000e+03 6.836000000000000000e+03 5.000120000000000000e+05
2.506000000000000000e+03 7.088000000000000000e+03 5.000120000000000000e+05
2.508000000000000000e+03 6.994000000000000000e+03 5.000120000000000000e+05
2.510000000000000000e+03 6.946000000000000000e+03 5.000120000000000000e+05
2.512000000000000000e+03 6.891000000000000000e+03 5.000120000000000000e+05
2.514000000000000000e+03 6.677000000000000000e+03 5.000120000000000000e+05
2.516000000000000000e+03 6.700000000000000000e+03 5.000080000000000000e+05
2.518000000000000000e+03 6.796000000000000000e+03 5.000120000000000000e+05
2.520000000000000000e+03 6.708000000000000000e+03 5.000120000000000000e+05
2.522000000000000000e+03 6.553000000000000000e+03 5.000120000000000000e+05
2.524000000000000000e+03 6.392000000000000000e+03 5.000120000000000000e+05
2.526000000000000000e+03 6.498000000000000000e+03 5.000120000000000000e+05
2.528000000000000000e+03 6.439000000000000000e+03 5.000080000000000000e+05
2.530000000000000000e+03 6.281000000000000000e+03 5.000080000000000000e+05
2.532000000000000000e+03 6.398000000000000000e+03 5.000120000000000000e+05
2.534000000000000000e+03 6.265000000000000000e+03 5.000120000000000000e+05
2.536000000000000000e+03 6.299000000000000000e+03 5.000120000000000000e+05
2.538000000000000000e+03 6.217000000000000000e+03 5.000080000000000000e+05
2.540000000000000000e+03 6.298000000000000000e+03 5.000120000000000000e+05
2.542000000000000000e+03 6.080000000000000000e+03 5.000080000000000000e+05
2.544000000000000000e+03 6.220000000000000000e+03 5.000080000000000000e+05
2.546000000000000000e+03 5.963000000000000000e+03 5.000120000000000000e+05
2.548000000000000000e+03 6.137000000000000000e+03 5.000120000000000000e+05
2.550000000000000000e+03 6.095000000000000000e+03 5.000120000000000000e+05
2.552000000000000000e+03 6.149000000000000000e+03 5.000120000000000000e+05
2.554000000000000000e+03 5.990000000000000000e+03 5.000120000000000000e+05
2.556000000000000000e+03 6.168000000000000000e+03 5.000120000000000000e+05
2.558000000000000000e+03 6.190000000000000000e+03 5.000080000000000000e+05
2.560000000000000000e+03 5.953000000000000000e+03 5.000120000000000000e+05
2.562000000000000000e+03 5.971000000000000000e+03 5.000080000000000000e+05
2.564000000000000000e+03 5.870000000000000000e+03 5.000120000000000000e+05
2.566000000000000000e+03 5.917000000000000000e+03 5.000080000000000000e+05
2.568000000000000000e+03 5.811000000000000000e+03 5.000080000000000000e+05
2.570000000000000000e+03 5.819000000000000000e+03 5.000120000000000000e+05
2.572000000000000000e+03 5.867000000000000000e+03 5.000120000000000000e+05
2.574000000000000000e+03 5.762000000000000000e+03 5.000120000000000000e+05
2.576000000000000000e+03 5.910000000000000000e+03 5.000080000000000000e+05
2.578000000000000000e+03 5.919000000000000000e+03 5.000120000000000000e+05
2.580000000000000000e+03 5.793000000000000000e+03 5.000160000000000000e+05
2.582000000000000000e+03 5.821000000000000000e+03 5.000080000000000000e+05
2.584000000000000000e+03 5.668000000000000000e+03 5.000080000000000000e+05
2.586000000000000000e+03 5.795000000000000000e+03 5.000120000000000000e+05
2.588000000000000000e+03 5.752000000000000000e+03 5.000080000000000000e+05
2.590000000000000000e+03 5.752000000000000000e+03 5.000080000000000000e+05
2.592000000000000000e+03 5.780000000000000000e+03 5.000120000000000000e+05
2.594000000000000000e+03 5.670000000000000000e+03 5.000080000000000000e+05
2.596000000000000000e+03 5.751000000000000000e+03 5.000120000000000000e+05
2.598000000000000000e+03 5.728000000000000000e+03 5.000080000000000000e+05
2.600000000000000000e+03 5.558000000000000000e+03 5.000120000000000000e+05
2.602000000000000000e+03 5.729000000000000000e+03 5.000080000000000000e+05
2.604000000000000000e+03 5.818000000000000000e+03 5.000080000000000000e+05
2.606000000000000000e+03 5.845000000000000000e+03 5.000080000000000000e+05
2.608000000000000000e+03 5.704000000000000000e+03 5.000120000000000000e+05
2.610000000000000000e+03 5.640000000000000000e+03 5.000080000000000000e+05
2.612000000000000000e+03 5.592000000000000000e+03 5.000120000000000000e+05
2.614000000000000000e+03 5.659000000000000000e+03 5.000080000000000000e+05
2.616000000000000000e+03 5.582000000000000000e+03 5.000120000000000000e+05
2.618000000000000000e+03 5.526000000000000000e+03 5.000120000000000000e+05
2.620000000000000000e+03 5.605000000000000000e+03 5.000120000000000000e+05
2.622000000000000000e+03 5.566000000000000000e+03 5.000080000000000000e+05
2.624000000000000000e+03 5.585000000000000000e+03 5.000080000000000000e+05
2.626000000000000000e+03 5.655000000000000000e+03 5.000080000000000000e+05
2.628000000000000000e+03 5.599000000000000000e+03 5.000120000000000000e+05
2.630000000000000000e+03 5.576000000000000000e+03 5.000080000000000000e+05
2.632000000000000000e+03 5.534000000000000000e+03 5.000120000000000000e+05
2.634000000000000000e+03 5.476000000000000000e+03 5.000120000000000000e+05
2.636000000000000000e+03 5.504000000000000000e+03 5.000080000000000000e+05
2.638000000000000000e+03 5.609000000000000000e+03 5.000120000000000000e+05
2.640000000000000000e+03 5.601000000000000000e+03 5.000120000000000000e+05
2.642000000000000000e+03 5.525000000000000000e+03 5.000120000000000000e+05
2.644000000000000000e+03 5.628000000000000000e+03 5.000080000000000000e+05
2.646000000000000000e+03 5.471000000000000000e+03 5.000080000000000000e+05
2.648000000000000000e+03 5.406000000000000000e+03 5.000120000000000000e+05
2.650000000000000000e+03 5.511000000000000000e+03 5.000080000000000000e+05
2.652000000000000000e+03 5.463000000000000000e+03 5.000080000000000000e+05
2.654000000000000000e+03 5.577000000000000000e+03 5.000120000000000000e+05
2.656000000000000000e+03 5.585000000000000000e+03 5.000080000000000000e+05
2.658000000000000000e+03 5.437000000000000000e+03 5.000120000000000000e+05
2.660000000000000000e+03 5.482000000000000000e+03 5.000120000000000000e+05
2.662000000000000000e+03 5.451000000000000000e+03 5.000080000000000000e+05
2.664000000000000000e+03 5.444000000000000000e+03 5.000080000000000000e+05
2.666000000000000000e+03 5.318000000000000000e+03 5.000120000000000000e+05
2.668000000000000000e+03 5.352000000000000000e+03 5.000120000000000000e+05
2.670000000000000000e+03 5.301000000000000000e+03 5.000080000000000000e+05
2.672000000000000000e+03 5.403000000000000000e+03 5.000080000000000000e+05
2.674000000000000000e+03 5.267000000000000000e+03 5.000120000000000000e+05
2.676000000000000000e+03 5.314000000000000000e+03 5.000120000000000000e+05
2.678000000000000000e+03 5.195000000000000000e+03 5.000120000000000000e+05
2.680000000000000000e+03 5.197000000000000000e+03 5.000120000000000000e+05
2.682000000000000000e+03 5.153000000000000000e+03 5.000080000000000000e+05
2.684000000000000000e+03 5.258000000000000000e+03 5.000120000000000000e+05
2.686000000000000000e+03 5.243000000000000000e+03 5.000120000000000000e+05
2.688000000000000000e+03 5.414000000000000000e+03 5.000080000000000000e+05
2.690000000000000000e+03 5.351000000000000000e+03 5.000120000000000000e+05
2.692000000000000000e+03 5.262000000000000000e+03 5.000080000000000000e+05
2.694000000000000000e+03 5.332000000000000000e+03 5.000120000000000000e+05
2.696000000000000000e+03 5.353000000000000000e+03 5.000120000000000000e+05
2.698000000000000000e+03 5.338000000000000000e+03 5.000080000000000000e+05
2.700000000000000000e+03 5.301000000000000000e+03 5.000080000000000000e+05
2.702000000000000000e+03 5.397000000000000000e+03 5.000080000000000000e+05
2.704000000000000000e+03 5.290000000000000000e+03 5.000120000000000000e+05
2.706000000000000000e+03 5.207000000000000000e+03 5.000120000000000000e+05
2.708000000000000000e+03 5.190000000000000000e+03 5.000120000000000000e+05
2.710000000000000000e+03 5.270000000000000000e+03 5.000080000000000000e+05
2.712000000000000000e+03 5.243000000000000000e+03 5.000080000000000000e+05
2.714000000000000000e+03 5.163000000000000000e+03 5.000120000000000000e+05
2.716000000000000000e+03 5.273000000000000000e+03 5.000080000000000000e+05
2.718000000000000000e+03 5.001000000000000000e+03 5.000120000000000000e+05
2.720000000000000000e+03 5.185000000000000000e+03 5.000080000000000000e+05
2.722000000000000000e+03 5.205000000000000000e+03 5.000120000000000000e+05
2.724000000000000000e+03 5.062000000000000000e+03 5.000080000000000000e+05
2.726000000000000000e+03 5.200000000000000000e+03 5.000080000000000000e+05
2.728000000000000000e+03 5.143000000000000000e+03 5.000120000000000000e+05
2.730000000000000000e+03 4.986000000000000000e+03 5.000120000000000000e+05
2.732000000000000000e+03 5.127000000000000000e+03 5.000120000000000000e+05
2.734000000000000000e+03 4.948000000000000000e+03 5.000080000000000000e+05
2.736000000000000000e+03 5.089000000000000000e+03 5.000080000000000000e+05
2.738000000000000000e+03 5.055000000000000000e+03 5.000120000000000000e+05
2.740000000000000000e+03 4.987000000000000000e+03 5.000080000000000000e+05
2.742000000000000000e+03 5.066000000000000000e+03 5.000120000000000000e+05
2.744000000000000000e+03 5.345000000000000000e+03 5.000120000000000000e+05
2.746000000000000000e+03 5.162000000000000000e+03 5.000120000000000000e+05
2.748000000000000000e+03 5.205000000000000000e+03 5.000080000000000000e+05
2.750000000000000000e+03 5.118000000000000000e+03 5.000120000000000000e+05
2.752000000000000000e+03 5.063000000000000000e+03 5.000120000000000000e+05
2.754000000000000000e+03 5.099000000000000000e+03 5.000120000000000000e+05
2.756000000000000000e+03 5.142000000000000000e+03 5.000120000000000000e+05
2.758000000000000000e+03 4.973000000000000000e+03 5.000120000000000000e+05
2.760000000000000000e+03 5.042000000000000000e+03 5.000120000000000000e+05
2.762000000000000000e+03 4.993000000000000000e+03 5.000080000000000000e+05
2.764000000000000000e+03 4.997000000000000000e+03 5.000120000000000000e+05
2.766000000000000000e+03 5.001000000000000000e+03 5.000080000000000000e+05
2.768000000000000000e+03 5.102000000000000000e+03 5.000080000000000000e+05
2.770000000000000000e+03 5.012000000000000000e+03 5.000120000000000000e+05
2.772000000000000000e+03 4.974000000000000000e+03 5.000120000000000000e+05
2.774000000000000000e+03 5.093000000000000000e+03 5.000120000000000000e+05
2.776000000000000000e+03 5.025000000000000000e+03 5.000120000000000000e+05
2.778000000000000000e+03 5.087000000000000000e+03 5.000120000000000000e+05
2.780000000000000000e+03 4.831000000000000000e+03 5.000120000000000000e+05
2.782000000000000000e+03 4.968000000000000000e+03 5.000080000000000000e+05
2.784000000000000000e+03 5.044000000000000000e+03 5.000120000000000000e+05
2.786000000000000000e+03 4.973000000000000000e+03 5.000120000000000000e+05
2.788000000000000000e+03 5.074000000000000000e+03 5.000120000000000000e+05
2.790000000000000000e+03 4.918000000000000000e+03 5.000120000000000000e+05
2.792000000000000000e+03 5.085000000000000000e+03 5.000080000000000000e+05
2.794000000000000000e+03 5.112000000000000000e+03 5.000120000000000000e+05
2.796000000000000000e+03 5.048000000000000000e+03 5.000080000000000000e+05
2.798000000000000000e+03 5.027000000000000000e+03 5.000160000000000000e+05
2.800000000000000000e+03 5.011000000000000000e+03 5.000120000000000000e+05
2.802000000000000000e+03 5.004000000000000000e+03 5.000080000000000000e+05
2.804000000000000000e+03 5.044000000000000000e+03 5.000080000000000000e+05
2.806000000000000000e+03 4.952000000000000000e+03 5.000120000000000000e+05
2.808000000000000000e+03 5.007000000000000000e+03 5.000080000000000000e+05
2.810000000000000000e+03 4.922000000000000000e+03 5.000120000000000000e+05
2.812000000000000000e+03 4.981000000000000000e+03 5.000080000000000000e+05
2.814000000000000000e+03 4.766000000000000000e+03 5.000120000000000000e+05
2.816000000000000000e+03 4.903000000000000000e+03 5.000080000000000000e+05
2.818000000000000000e+03 5.037000000000000000e+03 5.000080000000000000e+05
2.820000000000000000e+03 4.921000000000000000e+03 5.000120000000000000e+05
2.822000000000000000e+03 4.918000000000000000e+03 5.000080000000000000e+05
2.824000000000000000e+03 5.010000000000000000e+03 5.000080000000000000e+05
2.826000000000000000e+03 4.994000000000000000e+03 5.000120000000000000e+05
2.828000000000000000e+03 5.051000000000000000e+03 5.000080000000000000e+05
2.830000000000000000e+03 4.977000000000000000e+03 5.000080000000000000e+05
2.832000000000000000e+03 4.992000000000000000e+03 5.000080000000000000e+05
2.834000000000000000e+03 5.120000000000000000e+03 5.000080000000000000e+05
2.836000000000000000e+03 5.045000000000000000e+03 5.000120000000000000e+05
2.838000000000000000e+03 5.105000000000000000e+03 5.000120000000000000e+05
2.840000000000000000e+03 5.136000000000000000e+03 5.000120000000000000e+05
2.842000000000000000e+03 5.116000000000000000e+03 5.000160000000000000e+05
2.844000000000000000e+03 5.062000000000000000e+03 5.000160000000000000e+05
2.846000000000000000e+03 5.117000000000000000e+03 5.000080000000000000e+05
2.848000000000000000e+03 5.179000000000000000e+03 5.000080000000000000e+05
2.850000000000000000e+03 5.124000000000000000e+03 5.000120000000000000e+05
2.852000000000000000e+03 5.128000000000000000e+03 5.000120000000000000e+05
2.854000000000000000e+03 5.125000000000000000e+03 5.000120000000000000e+05
2.856000000000000000e+03 5.055000000000000000e+03 5.000080000000000000e+05
2.858000000000000000e+03 5.067000000000000000e+03 5.000120000000000000e+05
2.860000000000000000e+03 4.965000000000000000e+03 5.000080000000000000e+05
2.862000000000000000e+03 5.055000000000000000e+03 5.000080000000000000e+05
2.864000000000000000e+03 5.064000000000000000e+03 5.000080000000000000e+05
2.866000000000000000e+03 4.987000000000000000e+03 5.000080000000000000e+05
2.868000000000000000e+03 5.042000000000000000e+03 5.000080000000000000e+05
2.870000000000000000e+03 5.118000000000000000e+03 5.000080000000000000e+05
2.872000000000000000e+03 5.069000000000000000e+03 5.000080000000000000e+05
2.874000000000000000e+03 5.076000000000000000e+03 5.000120000000000000e+05
2.876000000000000000e+03 5.089000000000000000e+03 5.000080000000000000e+05
2.878000000000000000e+03 5.026000000000000000e+03 5.000120000000000000e+05
2.880000000000000000e+03 5.201000000000000000e+03 5.000120000000000000e+05
2.882000000000000000e+03 5.070000000000000000e+03 5.000120000000000000e+05
2.884000000000000000e+03 5.141000000000000000e+03 5.000120000000000000e+05
2.886000000000000000e+03 5.087000000000000000e+03 5.000120000000000000e+05
2.888000000000000000e+03 5.042000000000000000e+03 5.000120000000000000e+05
2.890000000000000000e+03 5.007000000000000000e+03 5.000080000000000000e+05
2.892000000000000000e+03 5.117000000000000000e+03 5.000080000000000000e+05
2.894000000000000000e+03 5.166000000000000000e+03 5.000120000000000000e+05
2.896000000000000000e+03 5.057000000000000000e+03 5.000160000000000000e+05
2.898000000000000000e+03 5.123000000000000000e+03 5.000080000000000000e+05
2.900000000000000000e+03 5.147000000000000000e+03 5.000120000000000000e+05
2.902000000000000000e+03 5.240000000000000000e+03 5.000080000000000000e+05
2.904000000000000000e+03 5.053000000000000000e+03 5.000080000000000000e+05
2.906000000000000000e+03 5.202000000000000000e+03 5.000120000000000000e+05
2.908000000000000000e+03 5.206000000000000000e+03 5.000120000000000000e+05
2.910000000000000000e+03 5.133000000000000000e+03 5.000120000000000000e+05
2.912000000000000000e+03 5.137000000000000000e+03 5.000120000000000000e+05
2.914000000000000000e+03 5.204000000000000000e+03 5.000120000000000000e+05
2.916000000000000000e+03 5.249000000000000000e+03 5.000120000000000000e+05
2.918000000000000000e+03 5.292000000000000000e+03 5.000120000000000000e+05
2.920000000000000000e+03 5.168000000000000000e+03 5.000120000000000000e+05
2.922000000000000000e+03 5.162000000000000000e+03 5.000120000000000000e+05
2.924000000000000000e+03 5.335000000000000000e+03 5.000080000000000000e+05
2.926000000000000000e+03 5.092000000000000000e+03 5.000120000000000000e+05
2.928000000000000000e+03 5.262000000000000000e+03 5.000080000000000000e+05
2.930000000000000000e+03 5.203000000000000000e+03 5.000080000000000000e+05
2.932000000000000000e+03 5.135000000000000000e+03 5.000080000000000000e+05
2.934000000000000000e+03 5.123000000000000000e+03 5.000080000000000000e+05
2.936000000000000000e+03 5.175000000000000000e+03 5.000120000000000000e+05
2.938000000000000000e+03 5.186000000000000000e+03 5.000120000000000000e+05
2.940000000000000000e+03 5.203000000000000000e+03 5.000120000000000000e+05
2.942000000000000000e+03 5.201000000000000000e+03 5.000120000000000000e+05
2.944000000000000000e+03 5.119000000000000000e+03 5.000080000000000000e+05
2.946000000000000000e+03 5.302000000000000000e+03 5.000080000000000000e+05
2.948000000000000000e+03 5.248000000000000000e+03 5.000120000000000000e+05
2.950000000000000000e+03 5.160000000000000000e+03 5.000120000000000000e+05
2.952000000000000000e+03 5.267000000000000000e+03 5.000120000000000000e+05
2.954000000000000000e+03 5.167000000000000000e+03 5.000080000000000000e+05
2.956000000000000000e+03 5.203000000000000000e+03 5.000120000000000000e+05
2.958000000000000000e+03 5.252000000000000000e+03 5.000080000000000000e+05
2.960000000000000000e+03 5.296000000000000000e+03 5.000080000000000000e+05
2.962000000000000000e+03 5.243000000000000000e+03 5.000080000000000000e+05
2.964000000000000000e+03 5.267000000000000000e+03 5.000120000000000000e+05
2.966000000000000000e+03 5.334000000000000000e+03 5.000120000000000000e+05
2.968000000000000000e+03 5.232000000000000000e+03 5.000120000000000000e+05
2.970000000000000000e+03 5.269000000000000000e+03 5.000120000000000000e+05
2.972000000000000000e+03 5.343000000000000000e+03 5.000120000000000000e+05
2.974000000000000000e+03 5.321000000000000000e+03 5.000120000000000000e+05
2.976000000000000000e+03 5.276000000000000000e+03 5.000120000000000000e+05
2.978000000000000000e+03 5.254000000000000000e+03 5.000080000000000000e+05
2.980000000000000000e+03 5.280000000000000000e+03 5.000080000000000000e+05
2.982000000000000000e+03 5.322000000000000000e+03 5.000120000000000000e+05
2.984000000000000000e+03 5.277000000000000000e+03 5.000120000000000000e+05
2.986000000000000000e+03 5.244000000000000000e+03 5.000120000000000000e+05
2.988000000000000000e+03 5.412000000000000000e+03 5.000120000000000000e+05
2.990000000000000000e+03 5.473000000000000000e+03 5.000080000000000000e+05
2.992000000000000000e+03 5.390000000000000000e+03 5.000120000000000000e+05
2.994000000000000000e+03 5.374000000000000000e+03 5.000080000000000000e+05
2.996000000000000000e+03 5.326000000000000000e+03 5.000080000000000000e+05
2.998000000000000000e+03 5.451000000000000000e+03 5.000080000000000000e+05
3.000000000000000000e+03 5.441000000000000000e+03 5.000120000000000000e+05
3.002000000000000000e+03 5.255000000000000000e+03 5.000120000000000000e+05
3.004000000000000000e+03 5.454000000000000000e+03 5.000080000000000000e+05
3.006000000000000000e+03 5.400000000000000000e+03 5.000080000000000000e+05
3.008000000000000000e+03 5.410000000000000000e+03 5.000120000000000000e+05
3.010000000000000000e+03 5.502000000000000000e+03 5.000080000000000000e+05
3.012000000000000000e+03 5.367000000000000000e+03 5.000120000000000000e+05
3.014000000000000000e+03 5.588000000000000000e+03 5.000080000000000000e+05
3.016000000000000000e+03 5.482000000000000000e+03 5.000120000000000000e+05
3.018000000000000000e+03 5.301000000000000000e+03 5.000080000000000000e+05
3.020000000000000000e+03 5.482000000000000000e+03 5.000120000000000000e+05
3.022000000000000000e+03 5.568000000000000000e+03 5.000120000000000000e+05
3.024000000000000000e+03 5.742000000000000000e+03 5.000120000000000000e+05
3.026000000000000000e+03 6.189000000000000000e+03 5.000160000000000000e+05
3.028000000000000000e+03 6.732000000000000000e+03 5.000080000000000000e+05
3.030000000000000000e+03 7.305000000000000000e+03 5.000080000000000000e+05
3.032000000000000000e+03 7.930000000000000000e+03 5.000120000000000000e+05
3.034000000000000000e+03 9.370000000000000000e+03 5.000120000000000000e+05
3.036000000000000000e+03 1.056800000000000000e+04 5.000120000000000000e+05
3.038000000000000000e+03 1.108600000000000000e+04 5.000080000000000000e+05
3.040000000000000000e+03 1.130800000000000000e+04 5.000120000000000000e+05
3.042000000000000000e+03 1.207300000000000000e+04 5.000120000000000000e+05
3.044000000000000000e+03 1.161900000000000000e+04 5.000120000000000000e+05
3.046000000000000000e+03 1.159800000000000000e+04 5.000120000000000000e+05
3.048000000000000000e+03 1.205900000000000000e+04 5.000120000000000000e+05
3.050000000000000000e+03 1.181600000000000000e+04 5.000120000000000000e+05
3.052000000000000000e+03 1.143400000000000000e+04 5.000120000000000000e+05
3.054000000000000000e+03 1.145000000000000000e+04 5.000120000000000000e+05
3.056000000000000000e+03 1.180100000000000000e+04 5.000080000000000000e+05
3.058000000000000000e+03 1.225000000000000000e+04 5.000080000000000000e+05
3.060000000000000000e+03 1.261500000000000000e+04 5.000120000000000000e+05
3.062000000000000000e+03 1.271100000000000000e+04 5.000080000000000000e+05
3.064000000000000000e+03 1.323900000000000000e+04 5.000080000000000000e+05
3.066000000000000000e+03 1.222200000000000000e+04 5.000120000000000000e+05
3.068000000000000000e+03 1.146300000000000000e+04 5.000120000000000000e+05
3.070000000000000000e+03 1.124400000000000000e+04 5.000080000000000000e+05
3.072000000000000000e+03 1.041300000000000000e+04 5.000080000000000000e+05
3.074000000000000000e+03 1.032700000000000000e+04 5.000080000000000000e+05
3.076000000000000000e+03 9.828000000000000000e+03 5.000080000000000000e+05
3.078000000000000000e+03 9.918000000000000000e+03 5.000120000000000000e+05
3.080000000000000000e+03 1.055000000000000000e+04 5.000120000000000000e+05
3.082000000000000000e+03 9.135000000000000000e+03 5.000080000000000000e+05
3.084000000000000000e+03 9.074000000000000000e+03 5.000080000000000000e+05
3.086000000000000000e+03 9.393000000000000000e+03 5.000120000000000000e+05
3.088000000000000000e+03 9.078000000000000000e+03 5.000080000000000000e+05
3.090000000000000000e+03 8.765000000000000000e+03 5.000080000000000000e+05
3.092000000000000000e+03 8.410000000000000000e+03 5.000120000000000000e+05
3.094000000000000000e+03 8.175000000000000000e+03 5.000080000000000000e+05
3.096000000000000000e+03 8.131000000000000000e+03 5.000120000000000000e+05
3.098000000000000000e+03 7.097000000000000000e+03 5.000120000000000000e+05
3.100000000000000000e+03 7.009000000000000000e+03 5.000080000000000000e+05
3.102000000000000000e+03 6.768000000000000000e+03 5.000080000000000000e+05
3.104000000000000000e+03 6.561000000000000000e+03 5.000120000000000000e+05
3.106000000000000000e+03 6.122000000000000000e+03 5.000080000000000000e+05
3.108000000000000000e+03 6.070000000000000000e+03 5.000080000000000000e+05
3.110000000000000000e+03 6.014000000000000000e+03 5.000080000000000000e+05
3.112000000000000000e+03 5.920000000000000000e+03 5.000120000000000000e+05
3.114000000000000000e+03 5.685000000000000000e+03 5.000080000000000000e+05
3.116000000000000000e+03 5.579000000000000000e+03 5.000080000000000000e+05
3.118000000000000000e+03 5.482000000000000000e+03 5.000120000000000000e+05
3.120000000000000000e+03 5.558000000000000000e+03 5.000080000000000000e+05
3.122000000000000000e+03 5.488000000000000000e+03 5.000080000000000000e+05
3.124000000000000000e+03 5.449000000000000000e+03 5.000120000000000000e+05
3.126000000000000000e+03 5.411000000000000000e+03 5.000080000000000000e+05
3.128000000000000000e+03 5.479000000000000000e+03 5.000120000000000000e+05
3.130000000000000000e+03 5.545000000000000000e+03 5.000120000000000000e+05
3.132000000000000000e+03 5.354000000000000000e+03 5.000120000000000000e+05
3.134000000000000000e+03 5.326000000000000000e+03 5.000120000000000000e+05
3.136000000000000000e+03 5.451000000000000000e+03 5.000120000000000000e+05
3.138000000000000000e+03 5.480000000000000000e+03 5.000120000000000000e+05
3.140000000000000000e+03 5.397000000000000000e+03 5.000080000000000000e+05
3.142000000000000000e+03 5.519000000000000000e+03 5.000080000000000000e+05
3.144000000000000000e+03 5.400000000000000000e+03 5.000080000000000000e+05
3.146000000000000000e+03 5.415000000000000000e+03 5.000080000000000000e+05
3.148000000000000000e+03 5.354000000000000000e+03 5.000120000000000000e+05
3.150000000000000000e+03 5.396000000000000000e+03 5.000120000000000000e+05
3.152000000000000000e+03 5.366000000000000000e+03 5.000080000000000000e+05
3.154000000000000000e+03 5.400000000000000000e+03 5.000120000000000000e+05
3.156000000000000000e+03 5.494000000000000000e+03 5.000080000000000000e+05
3.158000000000000000e+03 5.440000000000000000e+03 5.000080000000000000e+05
3.160000000000000000e+03 5.398000000000000000e+03 5.000120000000000000e+05
3.162000000000000000e+03 5.430000000000000000e+03 5.000120000000000000e+05
3.164000000000000000e+03 5.454000000000000000e+03 5.000120000000000000e+05
3.166000000000000000e+03 5.372000000000000000e+03 5.000080000000000000e+05
3.168000000000000000e+03 5.387000000000000000e+03 5.000120000000000000e+05
3.170000000000000000e+03 5.402000000000000000e+03 5.000080000000000000e+05
3.172000000000000000e+03 5.409000000000000000e+03 5.000120000000000000e+05
3.174000000000000000e+03 5.381000000000000000e+03 5.000080000000000000e+05
3.176000000000000000e+03 5.390000000000000000e+03 5.000120000000000000e+05
3.178000000000000000e+03 5.387000000000000000e+03 5.000120000000000000e+05
3.180000000000000000e+03 5.416000000000000000e+03 5.000080000000000000e+05
3.182000000000000000e+03 5.451000000000000000e+03 5.000120000000000000e+05
3.184000000000000000e+03 5.497000000000000000e+03 5.000080000000000000e+05
3.186000000000000000e+03 5.707000000000000000e+03 5.000120000000000000e+05
3.188000000000000000e+03 6.353000000000000000e+03 5.000080000000000000e+05
3.190000000000000000e+03 6.162000000000000000e+03 5.000120000000000000e+05
3.192000000000000000e+03 6.627000000000000000e+03 5.000120000000000000e+05
3.194000000000000000e+03 6.905000000000000000e+03 5.000080000000000000e+05
3.196000000000000000e+03 8.266000000000000000e+03 5.000080000000000000e+05
3.198000000000000000e+03 1.014700000000000000e+04 5.000120000000000000e+05
3.200000000000000000e+03 1.033500000000000000e+04 5.000120000000000000e+05
3.202000000000000000e+03 1.095900000000000000e+04 5.000120000000000000e+05
3.204000000000000000e+03 1.194300000000000000e+04 5.000080000000000000e+05
3.206000000000000000e+03 1.271600000000000000e+04 5.000120000000000000e+05
3.208000000000000000e+03 1.221000000000000000e+04 5.000120000000000000e+05
3.210000000000000000e+03 1.124700000000000000e+04 5.000120000000000000e+05
3.212000000000000000e+03 1.030500000000000000e+04 5.000120000000000000e+05
3.214000000000000000e+03 1.045700000000000000e+04 5.000080000000000000e+05
3.216000000000000000e+03 1.114300000000000000e+04 5.000080000000000000e+05
3.218000000000000000e+03 1.217900000000000000e+04 5.000120000000000000e+05
3.220000000000000000e+03 1.247200000000000000e+04 5.000080000000000000e+05
3.222000000000000000e+03 1.151900000000000000e+04 5.000080000000000000e+05
3.224000000000000000e+03 1.242100000000000000e+04 5.000080000000000000e+05
3.226000000000000000e+03 1.131600000000000000e+04 5.000120000000000000e+05
3.228000000000000000e+03 1.091300000000000000e+04 5.000120000000000000e+05
3.230000000000000000e+03 1.058500000000000000e+04 5.000120000000000000e+05
3.232000000000000000e+03 9.740000000000000000e+03 5.000120000000000000e+05
3.234000000000000000e+03 1.040300000000000000e+04 5.000120000000000000e+05
3.236000000000000000e+03 1.247500000000000000e+04 5.000120000000000000e+05
3.238000000000000000e+03 1.223000000000000000e+04 5.000080000000000000e+05
3.240000000000000000e+03 1.202000000000000000e+04 5.000080000000000000e+05
3.242000000000000000e+03 1.342700000000000000e+04 5.000080000000000000e+05
3.244000000000000000e+03 1.603800000000000000e+04 5.000120000000000000e+05
3.246000000000000000e+03 1.566600000000000000e+04 5.000120000000000000e+05
3.248000000000000000e+03 1.420700000000000000e+04 5.000080000000000000e+05
3.250000000000000000e+03 1.638700000000000000e+04 5.000080000000000000e+05
3.252000000000000000e+03 1.272400000000000000e+04 5.000120000000000000e+05
3.254000000000000000e+03 1.292500000000000000e+04 5.000120000000000000e+05
3.256000000000000000e+03 1.202900000000000000e+04 5.000080000000000000e+05
3.258000000000000000e+03 1.445900000000000000e+04 5.000120000000000000e+05
3.260000000000000000e+03 1.674200000000000000e+04 5.000080000000000000e+05
3.262000000000000000e+03 1.659700000000000000e+04 5.000160000000000000e+05
3.264000000000000000e+03 1.778200000000000000e+04 5.000120000000000000e+05
3.266000000000000000e+03 1.757100000000000000e+04 5.000080000000000000e+05
3.268000000000000000e+03 2.157800000000000000e+04 5.000080000000000000e+05
3.270000000000000000e+03 1.953000000000000000e+04 5.000120000000000000e+05
3.272000000000000000e+03 1.944500000000000000e+04 5.000080000000000000e+05
3.274000000000000000e+03 1.680300000000000000e+04 5.000120000000000000e+05
3.276000000000000000e+03 1.900400000000000000e+04 5.000080000000000000e+05
3.278000000000000000e+03 2.052000000000000000e+04 5.000120000000000000e+05
3.280000000000000000e+03 1.842600000000000000e+04 5.000120000000000000e+05
3.282000000000000000e+03 1.499200000000000000e+04 5.000120000000000000e+05
3.284000000000000000e+03 1.572000000000000000e+04 5.000120000000000000e+05
3.286000000000000000e+03 1.613400000000000000e+04 5.000080000000000000e+05
3.288000000000000000e+03 1.739100000000000000e+04 5.000120000000000000e+05
3.290000000000000000e+03 1.743400000000000000e+04 5.000120000000000000e+05
3.292000000000000000e+03 1.629900000000000000e+04 5.000080000000000000e+05
3.294000000000000000e+03 1.712000000000000000e+04 5.000080000000000000e+05
3.296000000000000000e+03 1.797200000000000000e+04 5.000120000000000000e+05
3.298000000000000000e+03 1.875200000000000000e+04 5.000120000000000000e+05
3.300000000000000000e+03 1.661200000000000000e+04 5.000080000000000000e+05
3.302000000000000000e+03 1.567200000000000000e+04 5.000080000000000000e+05
3.304000000000000000e+03 1.552700000000000000e+04 5.000120000000000000e+05
3.306000000000000000e+03 1.826200000000000000e+04 5.000120000000000000e+05
3.308000000000000000e+03 1.977900000000000000e+04 5.000080000000000000e+05
3.310000000000000000e+03 2.062400000000000000e+04 5.000120000000000000e+05
3.312000000000000000e+03 1.915700000000000000e+04 5.000120000000000000e+05
3.314000000000000000e+03 1.864200000000000000e+04 5.000120000000000000e+05
3.316000000000000000e+03 1.809700000000000000e+04 5.000120000000000000e+05
3.318000000000000000e+03 1.806000000000000000e+04 5.000080000000000000e+05
3.320000000000000000e+03 1.852600000000000000e+04 5.000160000000000000e+05
3.322000000000000000e+03 1.890000000000000000e+04 5.000080000000000000e+05
3.324000000000000000e+03 1.908600000000000000e+04 5.000120000000000000e+05
3.326000000000000000e+03 1.993100000000000000e+04 5.000120000000000000e+05
3.328000000000000000e+03 2.004900000000000000e+04 5.000120000000000000e+05
3.330000000000000000e+03 1.718900000000000000e+04 5.000120000000000000e+05
3.332000000000000000e+03 1.706300000000000000e+04 5.000080000000000000e+05
3.334000000000000000e+03 1.689100000000000000e+04 5.000080000000000000e+05
3.336000000000000000e+03 1.706900000000000000e+04 5.000080000000000000e+05
3.338000000000000000e+03 1.833200000000000000e+04 5.000080000000000000e+05
3.340000000000000000e+03 1.909700000000000000e+04 5.000120000000000000e+05
3.342000000000000000e+03 1.968100000000000000e+04 5.000080000000000000e+05
3.344000000000000000e+03 1.885800000000000000e+04 5.000080000000000000e+05
3.346000000000000000e+03 1.783300000000000000e+04 5.000120000000000000e+05
3.348000000000000000e+03 1.730700000000000000e+04 5.000120000000000000e+05
3.350000000000000000e+03 1.760900000000000000e+04 5.000120000000000000e+05
3.352000000000000000e+03 1.670200000000000000e+04 5.000080000000000000e+05
3.354000000000000000e+03 1.606400000000000000e+04 5.000080000000000000e+05
3.356000000000000000e+03 1.541800000000000000e+04 5.000120000000000000e+05
3.358000000000000000e+03 1.564100000000000000e+04 5.000080000000000000e+05
3.360000000000000000e+03 1.583600000000000000e+04 5.000120000000000000e+05
3.362000000000000000e+03 1.665400000000000000e+04 5.000080000000000000e+05
3.364000000000000000e+03 1.712800000000000000e+04 5.000080000000000000e+05
3.366000000000000000e+03 1.654700000000000000e+04 5.000080000000000000e+05
3.368000000000000000e+03 1.661600000000000000e+04 5.000080000000000000e+05
3.370000000000000000e+03 1.632200000000000000e+04 5.000080000000000000e+05
3.372000000000000000e+03 1.668400000000000000e+04 5.000080000000000000e+05
3.374000000000000000e+03 1.667900000000000000e+04 5.000080000000000000e+05
3.376000000000000000e+03 1.603700000000000000e+04 5.000080000000000000e+05
3.378000000000000000e+03 1.570700000000000000e+04 5.000120000000000000e+05
3.380000000000000000e+03 1.547100000000000000e+04 5.000120000000000000e+05
3.382000000000000000e+03 1.551300000000000000e+04 5.000120000000000000e+05
3.384000000000000000e+03 1.481100000000000000e+04 5.000080000000000000e+05
3.386000000000000000e+03 1.410000000000000000e+04 5.000080000000000000e+05
3.388000000000000000e+03 1.276300000000000000e+04 5.000080000000000000e+05
3.390000000000000000e+03 1.260700000000000000e+04 5.000120000000000000e+05
3.392000000000000000e+03 1.442700000000000000e+04 5.000120000000000000e+05
3.394000000000000000e+03 1.483800000000000000e+04 5.000160000000000000e+05
3.396000000000000000e+03 1.524100000000000000e+04 5.000160000000000000e+05
3.398000000000000000e+03 1.564300000000000000e+04 5.000120000000000000e+05
3.400000000000000000e+03 1.450300000000000000e+04 5.000120000000000000e+05
3.402000000000000000e+03 1.462100000000000000e+04 5.000120000000000000e+05
3.404000000000000000e+03 1.350600000000000000e+04 5.000120000000000000e+05
3.406000000000000000e+03 1.371700000000000000e+04 5.000120000000000000e+05
3.408000000000000000e+03 1.345800000000000000e+04 5.000080000000000000e+05
3.410000000000000000e+03 1.315700000000000000e+04 5.000120000000000000e+05
3.412000000000000000e+03 1.346600000000000000e+04 5.000080000000000000e+05
3.414000000000000000e+03 1.351000000000000000e+04 5.000120000000000000e+05
3.416000000000000000e+03 1.435300000000000000e+04 5.000080000000000000e+05
3.418000000000000000e+03 1.366400000000000000e+04 5.000120000000000000e+05
3.420000000000000000e+03 1.335100000000000000e+04 5.000080000000000000e+05
3.422000000000000000e+03 1.325200000000000000e+04 5.000080000000000000e+05
3.424000000000000000e+03 1.262000000000000000e+04 5.000080000000000000e+05
3.426000000000000000e+03 1.226300000000000000e+04 5.000120000000000000e+05
3.428000000000000000e+03 1.219800000000000000e+04 5.000080000000000000e+05
3.430000000000000000e+03 1.201400000000000000e+04 5.000120000000000000e+05
3.432000000000000000e+03 1.094100000000000000e+04 5.000120000000000000e+05
3.434000000000000000e+03 1.067800000000000000e+04 5.000080000000000000e+05
3.436000000000000000e+03 1.008500000000000000e+04 5.000080000000000000e+05
3.438000000000000000e+03 1.015000000000000000e+04 5.000120000000000000e+05
3.440000000000000000e+03 9.482000000000000000e+03 5.000120000000000000e+05
3.442000000000000000e+03 8.740000000000000000e+03 5.000080000000000000e+05
3.444000000000000000e+03 8.510000000000000000e+03 5.000080000000000000e+05
3.446000000000000000e+03 8.734000000000000000e+03 5.000120000000000000e+05
3.448000000000000000e+03 8.588000000000000000e+03 5.000120000000000000e+05
3.450000000000000000e+03 8.250000000000000000e+03 5.000080000000000000e+05
3.452000000000000000e+03 7.920000000000000000e+03 5.000120000000000000e+05
3.454000000000000000e+03 7.483000000000000000e+03 5.000120000000000000e+05
3.456000000000000000e+03 7.048000000000000000e+03 5.000080000000000000e+05
3.458000000000000000e+03 6.907000000000000000e+03 5.000120000000000000e+05
3.460000000000000000e+03 7.088000000000000000e+03 5.000120000000000000e+05
3.462000000000000000e+03 7.012000000000000000e+03 5.000080000000000000e+05
3.464000000000000000e+03 6.911000000000000000e+03 5.000120000000000000e+05
3.466000000000000000e+03 6.813000000000000000e+03 5.000120000000000000e+05
3.468000000000000000e+03 6.884000000000000000e+03 5.000120000000000000e+05
3.470000000000000000e+03 6.757000000000000000e+03 5.000080000000000000e+05
3.472000000000000000e+03 6.796000000000000000e+03 5.000120000000000000e+05
3.474000000000000000e+03 6.401000000000000000e+03 5.000080000000000000e+05
3.476000000000000000e+03 6.412000000000000000e+03 5.000080000000000000e+05
3.478000000000000000e+03 6.300000000000000000e+03 5.000080000000000000e+05
3.480000000000000000e+03 6.375000000000000000e+03 5.000120000000000000e+05
3.482000000000000000e+03 6.303000000000000000e+03 5.000120000000000000e+05
3.484000000000000000e+03 6.268000000000000000e+03 5.000080000000000000e+05
3.486000000000000000e+03 6.344000000000000000e+03 5.000120000000000000e+05
3.488000000000000000e+03 6.227000000000000000e+03 5.000080000000000000e+05
3.490000000000000000e+03 6.122000000000000000e+03 5.000080000000000000e+05
3.492000000000000000e+03 5.996000000000000000e+03 5.000120000000000000e+05
3.494000000000000000e+03 5.988000000000000000e+03 5.000080000000000000e+05
3.496000000000000000e+03 6.229000000000000000e+03 5.000120000000000000e+05
3.498000000000000000e+03 6.184000000000000000e+03 5.000080000000000000e+05
3.500000000000000000e+03 6.187000000000000000e+03 5.000120000000000000e+05
3.502000000000000000e+03 6.193000000000000000e+03 5.000120000000000000e+05
3.504000000000000000e+03 6.094000000000000000e+03 5.000120000000000000e+05
3.506000000000000000e+03 6.105000000000000000e+03 5.000120000000000000e+05
3.508000000000000000e+03 6.105000000000000000e+03 5.000120000000000000e+05
3.510000000000000000e+03 6.081000000000000000e+03 5.000120000000000000e+05
3.512000000000000000e+03 6.037000000000000000e+03 5.000120000000000000e+05
3.514000000000000000e+03 6.091000000000000000e+03 5.000080000000000000e+05
3.516000000000000000e+03 6.077000000000000000e+03 5.000120000000000000e+05
3.518000000000000000e+03 6.067000000000000000e+03 5.000120000000000000e+05
3.520000000000000000e+03 6.083000000000000000e+03 5.000080000000000000e+05
3.522000000000000000e+03 6.046000000000000000e+03 5.000080000000000000e+05
3.524000000000000000e+03 5.889000000000000000e+03 5.000080000000000000e+05
3.526000000000000000e+03 6.049000000000000000e+03 5.000120000000000000e+05
3.528000000000000000e+03 5.923000000000000000e+03 5.000120000000000000e+05
3.530000000000000000e+03 6.026000000000000000e+03 5.000080000000000000e+05
3.532000000000000000e+03 5.891000000000000000e+03 5.000080000000000000e+05
3.534000000000000000e+03 5.851000000000000000e+03 5.000120000000000000e+05
3.536000000000000000e+03 5.916000000000000000e+03 5.000120000000000000e+05
3.538000000000000000e+03 5.885000000000000000e+03 5.000120000000000000e+05
3.540000000000000000e+03 5.911000000000000000e+03 5.000120000000000000e+05
3.542000000000000000e+03 5.935000000000000000e+03 5.000120000000000000e+05
3.544000000000000000e+03 5.977000000000000000e+03 5.000080000000000000e+05
3.546000000000000000e+03 5.928000000000000000e+03 5.000080000000000000e+05
3.548000000000000000e+03 5.786000000000000000e+03 5.000080000000000000e+05
3.550000000000000000e+03 5.695000000000000000e+03 5.000080000000000000e+05
3.552000000000000000e+03 5.725000000000000000e+03 5.000120000000000000e+05
3.554000000000000000e+03 5.609000000000000000e+03 5.000080000000000000e+05
3.556000000000000000e+03 5.618000000000000000e+03 5.000080000000000000e+05
3.558000000000000000e+03 5.634000000000000000e+03 5.000080000000000000e+05
3.560000000000000000e+03 5.683000000000000000e+03 5.000120000000000000e+05
3.562000000000000000e+03 5.579000000000000000e+03 5.000120000000000000e+05
3.564000000000000000e+03 5.603000000000000000e+03 5.000120000000000000e+05
3.566000000000000000e+03 5.722000000000000000e+03 5.000160000000000000e+05
3.568000000000000000e+03 5.690000000000000000e+03 5.000160000000000000e+05
3.570000000000000000e+03 5.739000000000000000e+03 5.000120000000000000e+05
3.572000000000000000e+03 5.732000000000000000e+03 5.000120000000000000e+05
3.574000000000000000e+03 5.717000000000000000e+03 5.000120000000000000e+05
3.576000000000000000e+03 5.605000000000000000e+03 5.000120000000000000e+05
3.578000000000000000e+03 5.582000000000000000e+03 5.000080000000000000e+05
3.580000000000000000e+03 5.561000000000000000e+03 5.000120000000000000e+05
3.582000000000000000e+03 5.524000000000000000e+03 5.000120000000000000e+05
3.584000000000000000e+03 5.417000000000000000e+03 5.000080000000000000e+05
3.586000000000000000e+03 5.598000000000000000e+03 5.000080000000000000e+05
3.588000000000000000e+03 5.575000000000000000e+03 5.000080000000000000e+05
3.590000000000000000e+03 5.486000000000000000e+03 5.000120000000000000e+05
3.592000000000000000e+03 5.507000000000000000e+03 5.000080000000000000e+05
3.594000000000000000e+03 5.582000000000000000e+03 5.000120000000000000e+05
3.596000000000000000e+03 5.740000000000000000e+03 5.000080000000000000e+05
3.598000000000000000e+03 5.498000000000000000e+03 5.000120000000000000e+05
3.600000000000000000e+03 5.475000000000000000e+03 5.000080000000000000e+05
3.602000000000000000e+03 5.432000000000000000e+03 5.000120000000000000e+05
3.604000000000000000e+03 5.367000000000000000e+03 5.000120000000000000e+05
3.606000000000000000e+03 5.450000000000000000e+03 5.000080000000000000e+05
3.608000000000000000e+03 5.537000000000000000e+03 5.000080000000000000e+05
3.610000000000000000e+03 5.438000000000000000e+03 5.000080000000000000e+05
3.612000000000000000e+03 5.477000000000000000e+03 5.000120000000000000e+05
3.614000000000000000e+03 5.437000000000000000e+03 5.000080000000000000e+05
3.616000000000000000e+03 5.355000000000000000e+03 5.000120000000000000e+05
3.618000000000000000e+03 5.352000000000000000e+03 5.000080000000000000e+05
3.620000000000000000e+03 5.528000000000000000e+03 5.000080000000000000e+05
3.622000000000000000e+03 5.537000000000000000e+03 5.000080000000000000e+05
3.624000000000000000e+03 5.430000000000000000e+03 5.000120000000000000e+05
3.626000000000000000e+03 5.544000000000000000e+03 5.000080000000000000e+05
3.628000000000000000e+03 5.409000000000000000e+03 5.000120000000000000e+05
3.630000000000000000e+03 5.506000000000000000e+03 5.000120000000000000e+05
3.632000000000000000e+03 5.525000000000000000e+03 5.000120000000000000e+05
3.634000000000000000e+03 5.519000000000000000e+03 5.000120000000000000e+05
3.636000000000000000e+03 5.520000000000000000e+03 5.000120000000000000e+05
3.638000000000000000e+03 5.668000000000000000e+03 5.000120000000000000e+05
3.640000000000000000e+03 5.638000000000000000e+03 5.000080000000000000e+05
3.642000000000000000e+03 5.632000000000000000e+03 5.000120000000000000e+05
3.644000000000000000e+03 5.630000000000000000e+03 5.000120000000000000e+05
3.646000000000000000e+03 5.522000000000000000e+03 5.000080000000000000e+05
3.648000000000000000e+03 5.576000000000000000e+03 5.000120000000000000e+05
3.650000000000000000e+03 5.462000000000000000e+03 5.000080000000000000e+05
3.652000000000000000e+03 5.533000000000000000e+03 5.000080000000000000e+05
3.654000000000000000e+03 5.626000000000000000e+03 5.000080000000000000e+05
3.656000000000000000e+03 5.579000000000000000e+03 5.000080000000000000e+05
3.658000000000000000e+03 5.630000000000000000e+03 5.000080000000000000e+05
3.660000000000000000e+03 5.555000000000000000e+03 5.000080000000000000e+05
3.662000000000000000e+03 5.660000000000000000e+03 5.000120000000000000e+05
3.664000000000000000e+03 5.649000000000000000e+03 5.000120000000000000e+05
3.666000000000000000e+03 5.568000000000000000e+03 5.000080000000000000e+05
3.668000000000000000e+03 5.722000000000000000e+03 5.000080000000000000e+05
3.670000000000000000e+03 5.619000000000000000e+03 5.000120000000000000e+05
3.672000000000000000e+03 5.697000000000000000e+03 5.000120000000000000e+05
3.674000000000000000e+03 5.698000000000000000e+03 5.000080000000000000e+05
3.676000000000000000e+03 5.599000000000000000e+03 5.000080000000000000e+05
3.678000000000000000e+03 5.831000000000000000e+03 5.000080000000000000e+05
3.680000000000000000e+03 5.671000000000000000e+03 5.000080000000000000e+05
3.682000000000000000e+03 5.671000000000000000e+03 5.000120000000000000e+05
3.684000000000000000e+03 5.579000000000000000e+03 5.000080000000000000e+05
3.686000000000000000e+03 5.713000000000000000e+03 5.000080000000000000e+05
3.688000000000000000e+03 5.757000000000000000e+03 5.000120000000000000e+05
3.690000000000000000e+03 5.707000000000000000e+03 5.000120000000000000e+05
3.692000000000000000e+03 5.615000000000000000e+03 5.000080000000000000e+05
3.694000000000000000e+03 5.634000000000000000e+03 5.000080000000000000e+05
3.696000000000000000e+03 5.536000000000000000e+03 5.000120000000000000e+05
3.698000000000000000e+03 5.702000000000000000e+03 5.000080000000000000e+05
3.700000000000000000e+03 5.558000000000000000e+03 5.000080000000000000e+05
3.702000000000000000e+03 5.494000000000000000e+03 5.000120000000000000e+05
3.704000000000000000e+03 5.545000000000000000e+03 5.000160000000000000e+05
3.706000000000000000e+03 5.511000000000000000e+03 5.000120000000000000e+05
3.708000000000000000e+03 5.653000000000000000e+03 5.000080000000000000e+05
3.710000000000000000e+03 5.629000000000000000e+03 5.000120000000000000e+05
3.712000000000000000e+03 5.482000000000000000e+03 5.000080000000000000e+05
3.714000000000000000e+03 5.504000000000000000e+03 5.000080000000000000e+05
3.716000000000000000e+03 5.536000000000000000e+03 5.000080000000000000e+05
3.718000000000000000e+03 5.533000000000000000e+03 5.000120000000000000e+05
3.720000000000000000e+03 5.568000000000000000e+03 5.000120000000000000e+05
3.722000000000000000e+03 5.455000000000000000e+03 5.000080000000000000e+05
3.724000000000000000e+03 5.492000000000000000e+03 5.000120000000000000e+05
3.726000000000000000e+03 5.474000000000000000e+03 5.000120000000000000e+05
3.728000000000000000e+03 5.543000000000000000e+03 5.000080000000000000e+05
3.730000000000000000e+03 5.497000000000000000e+03 5.000080000000000000e+05
3.732000000000000000e+03 5.466000000000000000e+03 5.000120000000000000e+05
3.734000000000000000e+03 5.480000000000000000e+03 5.000120000000000000e+05
3.736000000000000000e+03 5.529000000000000000e+03 5.000120000000000000e+05
3.738000000000000000e+03 5.518000000000000000e+03 5.000080000000000000e+05
3.740000000000000000e+03 5.515000000000000000e+03 5.000120000000000000e+05
3.742000000000000000e+03 5.498000000000000000e+03 5.000120000000000000e+05
3.744000000000000000e+03 5.605000000000000000e+03 5.000120000000000000e+05
3.746000000000000000e+03 5.646000000000000000e+03 5.000120000000000000e+05
3.748000000000000000e+03 5.493000000000000000e+03 5.000120000000000000e+05
3.750000000000000000e+03 5.518000000000000000e+03 5.000120000000000000e+05
3.752000000000000000e+03 5.438000000000000000e+03 5.000120000000000000e+05
3.754000000000000000e+03 5.496000000000000000e+03 5.000080000000000000e+05
3.756000000000000000e+03 5.608000000000000000e+03 5.000120000000000000e+05
3.758000000000000000e+03 5.272000000000000000e+03 5.000120000000000000e+05
3.760000000000000000e+03 5.452000000000000000e+03 5.000120000000000000e+05
3.762000000000000000e+03 5.499000000000000000e+03 5.000080000000000000e+05
3.764000000000000000e+03 5.619000000000000000e+03 5.000120000000000000e+05
3.766000000000000000e+03 5.385000000000000000e+03 5.000120000000000000e+05
3.768000000000000000e+03 5.585000000000000000e+03 5.000080000000000000e+05
3.770000000000000000e+03 5.531000000000000000e+03 5.000120000000000000e+05
3.772000000000000000e+03 5.491000000000000000e+03 5.000080000000000000e+05
3.774000000000000000e+03 5.519000000000000000e+03 5.000080000000000000e+05
3.776000000000000000e+03 5.432000000000000000e+03 5.000080000000000000e+05
3.778000000000000000e+03 5.600000000000000000e+03 5.000080000000000000e+05
3.780000000000000000e+03 5.534000000000000000e+03 5.000120000000000000e+05
3.782000000000000000e+03 5.506000000000000000e+03 5.000120000000000000e+05
3.784000000000000000e+03 5.627000000000000000e+03 5.000080000000000000e+05
3.786000000000000000e+03 5.552000000000000000e+03 5.000120000000000000e+05
3.788000000000000000e+03 5.662000000000000000e+03 5.000080000000000000e+05
3.790000000000000000e+03 5.563000000000000000e+03 5.000120000000000000e+05
3.792000000000000000e+03 5.593000000000000000e+03 5.000120000000000000e+05
3.794000000000000000e+03 5.681000000000000000e+03 5.000120000000000000e+05
3.796000000000000000e+03 5.468000000000000000e+03 5.000120000000000000e+05
3.798000000000000000e+03 5.457000000000000000e+03 5.000080000000000000e+05
3.800000000000000000e+03 5.449000000000000000e+03 5.000080000000000000e+05
3.802000000000000000e+03 5.429000000000000000e+03 5.000080000000000000e+05
3.804000000000000000e+03 5.517000000000000000e+03 5.000080000000000000e+05
3.806000000000000000e+03 5.421000000000000000e+03 5.000080000000000000e+05
3.808000000000000000e+03 5.435000000000000000e+03 5.000080000000000000e+05
3.810000000000000000e+03 5.501000000000000000e+03 5.000080000000000000e+05
3.812000000000000000e+03 5.435000000000000000e+03 5.000120000000000000e+05
3.814000000000000000e+03 5.417000000000000000e+03 5.000080000000000000e+05
3.816000000000000000e+03 5.423000000000000000e+03 5.000120000000000000e+05
3.818000000000000000e+03 5.511000000000000000e+03 5.000120000000000000e+05
3.820000000000000000e+03 5.549000000000000000e+03 5.000120000000000000e+05
3.822000000000000000e+03 5.551000000000000000e+03 5.000080000000000000e+05
3.824000000000000000e+03 5.446000000000000000e+03 5.000120000000000000e+05
3.826000000000000000e+03 5.331000000000000000e+03 5.000120000000000000e+05
3.828000000000000000e+03 5.514000000000000000e+03 5.000120000000000000e+05
3.830000000000000000e+03 5.404000000000000000e+03 5.000120000000000000e+05
3.832000000000000000e+03 5.462000000000000000e+03 5.000120000000000000e+05
3.834000000000000000e+03 5.506000000000000000e+03 5.000120000000000000e+05
3.836000000000000000e+03 5.554000000000000000e+03 5.000080000000000000e+05
3.838000000000000000e+03 5.486000000000000000e+03 5.000080000000000000e+05
3.840000000000000000e+03 5.546000000000000000e+03 5.000120000000000000e+05
3.842000000000000000e+03 5.484000000000000000e+03 5.000120000000000000e+05
3.844000000000000000e+03 5.566000000000000000e+03 5.000080000000000000e+05
3.846000000000000000e+03 5.483000000000000000e+03 5.000080000000000000e+05
3.848000000000000000e+03 5.421000000000000000e+03 5.000120000000000000e+05
3.850000000000000000e+03 5.446000000000000000e+03 5.000120000000000000e+05
3.852000000000000000e+03 5.310000000000000000e+03 5.000080000000000000e+05
3.854000000000000000e+03 5.360000000000000000e+03 5.000120000000000000e+05
3.856000000000000000e+03 5.390000000000000000e+03 5.000080000000000000e+05
3.858000000000000000e+03 5.363000000000000000e+03 5.000080000000000000e+05
3.860000000000000000e+03 5.441000000000000000e+03 5.000120000000000000e+05
3.862000000000000000e+03 5.438000000000000000e+03 5.000120000000000000e+05
3.864000000000000000e+03 5.332000000000000000e+03 5.000120000000000000e+05
3.866000000000000000e+03 5.398000000000000000e+03 5.000080000000000000e+05
3.868000000000000000e+03 5.326000000000000000e+03 5.000080000000000000e+05
3.870000000000000000e+03 5.316000000000000000e+03 5.000120000000000000e+05
3.872000000000000000e+03 5.233000000000000000e+03 5.000120000000000000e+05
3.874000000000000000e+03 5.355000000000000000e+03 5.000120000000000000e+05
3.876000000000000000e+03 5.212000000000000000e+03 5.000120000000000000e+05
3.878000000000000000e+03 5.299000000000000000e+03 5.000080000000000000e+05
3.880000000000000000e+03 5.190000000000000000e+03 5.000080000000000000e+05
3.882000000000000000e+03 5.243000000000000000e+03 5.000080000000000000e+05
3.884000000000000000e+03 5.329000000000000000e+03 5.000080000000000000e+05
3.886000000000000000e+03 5.306000000000000000e+03 5.000080000000000000e+05
3.888000000000000000e+03 5.263000000000000000e+03 5.000080000000000000e+05
3.890000000000000000e+03 5.171000000000000000e+03 5.000120000000000000e+05
3.892000000000000000e+03 5.281000000000000000e+03 5.000120000000000000e+05
3.894000000000000000e+03 5.234000000000000000e+03 5.000120000000000000e+05
3.896000000000000000e+03 5.265000000000000000e+03 5.000080000000000000e+05
3.898000000000000000e+03 5.128000000000000000e+03 5.000120000000000000e+05
3.900000000000000000e+03 5.262000000000000000e+03 5.000120000000000000e+05
3.902000000000000000e+03 5.248000000000000000e+03 5.000120000000000000e+05
3.904000000000000000e+03 5.272000000000000000e+03 5.000120000000000000e+05
3.906000000000000000e+03 5.120000000000000000e+03 5.000120000000000000e+05
3.908000000000000000e+03 5.132000000000000000e+03 5.000120000000000000e+05
3.910000000000000000e+03 5.185000000000000000e+03 5.000120000000000000e+05
3.912000000000000000e+03 5.125000000000000000e+03 5.000120000000000000e+05
3.914000000000000000e+03 5.179000000000000000e+03 5.000080000000000000e+05
3.916000000000000000e+03 5.131000000000000000e+03 5.000120000000000000e+05
3.918000000000000000e+03 5.091000000000000000e+03 5.000120000000000000e+05
3.920000000000000000e+03 5.135000000000000000e+03 5.000120000000000000e+05
3.922000000000000000e+03 5.142000000000000000e+03 5.000080000000000000e+05
3.924000000000000000e+03 5.182000000000000000e+03 5.000080000000000000e+05
3.926000000000000000e+03 5.303000000000000000e+03 5.000120000000000000e+05
3.928000000000000000e+03 5.182000000000000000e+03 5.000080000000000000e+05
3.930000000000000000e+03 5.017000000000000000e+03 5.000080000000000000e+05
3.932000000000000000e+03 5.057000000000000000e+03 5.000080000000000000e+05
3.934000000000000000e+03 5.130000000000000000e+03 5.000080000000000000e+05
3.936000000000000000e+03 5.160000000000000000e+03 5.000080000000000000e+05
3.938000000000000000e+03 5.128000000000000000e+03 5.000080000000000000e+05
3.940000000000000000e+03 5.194000000000000000e+03 5.000080000000000000e+05
3.942000000000000000e+03 5.191000000000000000e+03 5.000120000000000000e+05
3.944000000000000000e+03 5.220000000000000000e+03 5.000080000000000000e+05
3.946000000000000000e+03 5.000000000000000000e+03 5.000120000000000000e+05
3.948000000000000000e+03 5.069000000000000000e+03 5.000080000000000000e+05
3.950000000000000000e+03 5.057000000000000000e+03 5.000080000000000000e+05
3.952000000000000000e+03 5.071000000000000000e+03 5.000080000000000000e+05
3.954000000000000000e+03 5.129000000000000000e+03 5.000080000000000000e+05
3.956000000000000000e+03 4.955000000000000000e+03 5.000080000000000000e+05
3.958000000000000000e+03 5.027000000000000000e+03 5.000080000000000000e+05
3.960000000000000000e+03 5.009000000000000000e+03 5.000080000000000000e+05
3.962000000000000000e+03 5.070000000000000000e+03 5.000080000000000000e+05
3.964000000000000000e+03 4.938000000000000000e+03 5.000120000000000000e+05
3.966000000000000000e+03 5.018000000000000000e+03 5.000120000000000000e+05
3.968000000000000000e+03 5.008000000000000000e+03 5.000080000000000000e+05
3.970000000000000000e+03 4.933000000000000000e+03 5.000120000000000000e+05
3.972000000000000000e+03 5.050000000000000000e+03 5.000080000000000000e+05
3.974000000000000000e+03 4.910000000000000000e+03 5.000080000000000000e+05
3.976000000000000000e+03 5.011000000000000000e+03 5.000080000000000000e+05
3.978000000000000000e+03 4.842000000000000000e+03 5.000080000000000000e+05
3.980000000000000000e+03 4.963000000000000000e+03 5.000120000000000000e+05
3.982000000000000000e+03 5.067000000000000000e+03 5.000120000000000000e+05
3.984000000000000000e+03 4.924000000000000000e+03 5.000080000000000000e+05
3.986000000000000000e+03 4.998000000000000000e+03 5.000120000000000000e+05
3.988000000000000000e+03 4.825000000000000000e+03 5.000120000000000000e+05
3.990000000000000000e+03 4.922000000000000000e+03 5.000120000000000000e+05
3.992000000000000000e+03 4.980000000000000000e+03 5.000080000000000000e+05
3.994000000000000000e+03 4.884000000000000000e+03 5.000080000000000000e+05
3.996000000000000000e+03 4.923000000000000000e+03 5.000080000000000000e+05
3.998000000000000000e+03 4.953000000000000000e+03 5.000080000000000000e+05
4.000000000000000000e+03 4.950000000000000000e+03 5.000080000000000000e+05
4.002000000000000000e+03 4.871000000000000000e+03 5.000160000000000000e+05
4.004000000000000000e+03 4.899000000000000000e+03 5.000120000000000000e+05
4.006000000000000000e+03 4.825000000000000000e+03 5.000080000000000000e+05
4.008000000000000000e+03 4.859000000000000000e+03 5.000080000000000000e+05
4.010000000000000000e+03 4.727000000000000000e+03 5.000120000000000000e+05
4.012000000000000000e+03 4.889000000000000000e+03 5.000120000000000000e+05
4.014000000000000000e+03 4.729000000000000000e+03 5.000080000000000000e+05
4.016000000000000000e+03 4.799000000000000000e+03 5.000120000000000000e+05
4.018000000000000000e+03 4.731000000000000000e+03 5.000080000000000000e+05
4.020000000000000000e+03 4.752000000000000000e+03 5.000120000000000000e+05
4.022000000000000000e+03 4.692000000000000000e+03 5.000080000000000000e+05
4.024000000000000000e+03 4.834000000000000000e+03 5.000120000000000000e+05
4.026000000000000000e+03 4.774000000000000000e+03 5.000080000000000000e+05
4.028000000000000000e+03 4.626000000000000000e+03 5.000120000000000000e+05
4.030000000000000000e+03 4.744000000000000000e+03 5.000120000000000000e+05
4.032000000000000000e+03 4.860000000000000000e+03 5.000080000000000000e+05
4.034000000000000000e+03 4.722000000000000000e+03 5.000120000000000000e+05
4.036000000000000000e+03 4.778000000000000000e+03 5.000080000000000000e+05
4.038000000000000000e+03 4.825000000000000000e+03 5.000080000000000000e+05
4.040000000000000000e+03 4.854000000000000000e+03 5.000120000000000000e+05
4.042000000000000000e+03 4.735000000000000000e+03 5.000120000000000000e+05
4.044000000000000000e+03 4.791000000000000000e+03 5.000120000000000000e+05
4.046000000000000000e+03 4.803000000000000000e+03 5.000120000000000000e+05
